加工面积,Y
□1○1,1
□2○2,2
□3○3,3
□4○4,4
□4○5,5
□5○6,6
□6○7,7
□7○8,8
□8○9,9
□9○10,10
□10○11,11
□11○12,12
□12○13,13
□12○14,14
□13○15,15
□14○16,16
□15○17,17
□16○18,18
□17○19,19
□18○20,20
□19○21,21
□19○22,22
□20○23,23
□21○24,24
□22○25,25
□23○26,26
□24○27,27
□25○28,28
□26○29,29
□27○30,30
□27○31,31
□28○32,32
□29○33,33
□30○34,34
□31○35,35
□32○36,36
□33○37,37
□34○38,38
□35○39,39
□35○40,40
□36○41,41
□37○42,42
□38○43,43
□39○44,44
□40○45,45
□41○46,46
□42○47,47
□43○48,48
□43○49,49
□44○50,50
□45○51,51
□46○52,52
□47○53,53
□48○54,54
□49○55,55
□50○56,56
□51○57,57
□51○58,58
□52○59,59
□53○60,60
□54○61,61
□55○62,62
□56○63,63
□57○64,64
□58○65,65
□58○66,66
□59○67,67
□60○68,68
□61○69,69
□62○70,70
□63○71,71
□64○72,72
□65○73,73
□66○74,74
□66○75,75
□67○76,76
□68○77,77
□69○78,78
□70○79,79
□71○80,80
□72○81,81
□73○82,82
□74○83,83
□74○84,84
□75○85,85
□76○86,86
□77○87,87
□78○88,88
□79○89,89
□80○90,90
□81○91,91
□82○92,92
□82○93,93
□83○94,94
□84○95,95
□85○96,96
□86○97,97
□87○98,98
□88○99,99
□89○100,100
□89○101,101
□90○102,102
□91○103,103
□92○104,104
□93○105,105
□94○106,106
□95○107,107
□96○108,108
□97○109,109
□97○110,110
□98○111,111
□99○112,112
□100○113,113
□101○114,114
□102○115,115
□103○116,116
□104○117,117
□105○118,118
□105○119,119
□106○120,120
□107○121,121
□108○122,122
□109○123,123
□110○124,124
□111○125,125
□112○126,126
□113○127,127
□113○128,128
□114○129,129
□115○130,130
□116○131,131
□117○132,132
□118○133,133
□119○134,134
□120○135,135
□120○136,136
□121○137,137
□122○138,138
□123○139,139
□124○140,140
□125○141,141
□126○142,142
□127○143,143
□128○144,144
□128○145,145
□129○146,146
□130○147,147
□131○148,148
□132○149,149
□133○150,150
□134○151,151
□135○152,152
□136○153,153
□136○154,154
□137○155,155
□138○156,156
□139○157,157
□140○158,158
□141○159,159
□142○160,160
□143○161,161
□144○162,162
□144○163,163
□145○164,164
□146○165,165
□147○166,166
□148○167,167
□149○168,168
□150○169,169
□151○170,170
□152○171,171
□152○172,172
□153○173,173
□154○174,174
□155○175,175
□156○176,176
□157○177,177
□158○178,178
□159○179,179
□159○180,180
□160○181,181
□161○182,182
□162○183,183
□163○184,184
□164○185,185
□165○186,186
□166○187,187
□167○188,188
□167○189,189
□168○190,190
□169○191,191
□170○192,192
□171○193,193
□172○194,194
□173○195,195
□174○196,196
□175○197,197
□175○198,198
□176○199,199
□177○200,200
□178○201,201
□179○202,202
□180○203,203
□181○204,204
□182○205,205
□183○206,206
□183○207,207
□184○208,208
□185○209,209
□186○210,210
□187○211,211
□188○212,212
□189○213,213
□190○214,214
□190○215,215
□191○216,216
□192○217,217
□193○218,218
□194○219,219
□195○220,220
□196○221,221
□197○222,222
□198○223,223
□198○224,224
□199○225,225
□200○226,226
□201○227,227
□202○228,228
□203○229,229
□204○230,230
□205○231,231
□206○232,232
□206○233,233
□207○234,234
□208○235,235
□209○236,236
□210○237,237
□211○238,238
□212○239,239
□213○240,240
□214○241,241
□214○242,242
□215○243,243
□216○244,244
□217○245,245
□218○246,246
□219○247,247
□220○248,248
□221○249,249
□222○250,250
□222○251,251
□223○252,252
□224○253,253
□225○254,254
□226○255,255
□227○256,256
□228○257,257
□229○258,258
□229○259,259
□230○260,260
□231○261,261
□232○262,262
□233○263,263
□234○264,264
□235○265,265
□236○266,266
□237○267,267
□237○268,268
□238○269,269
□239○270,270
□240○271,271
□241○272,272
□242○273,273
□243○274,274
□244○275,275
□245○276,276
□245○277,277
□246○278,278
□247○279,279
□248○280,280
□249○281,281
□250○282,282
□251○283,283
□252○284,284
□253○285,285
□253○286,286
□254○287,287
□255○288,288
□256○289,289
□257○290,290
□258○291,291
□259○292,292
□260○293,293
□260○294,294
□261○295,295
□262○296,296
□263○297,297
□264○298,298
□265○299,299
□266○300,300
