CNo,,ON,OFF,MA,IP,SV,UP,DN,LN,LP,STEP,PL,V,HP,PP,C,S,L,AL,JS,JM,OC,LD,粗糙度Ra,余量Gap
C000,=,0,4043,0,0,70,10,20,0,0,0,+,1,0,11,0,12,2,15,0,0,0,0,,
C001,=,0,0,0,0,70,10,20,0,0,0,+,1,0,11,0,12,2,15,0,0,0,0,,
C002,=,0,0,0,0,60,10,20,0,0,0,+,1,0,11,0,12,2,15,0,0,0,0,,
C003,=,9,6,0,3,60,10,20,0,0,0,+,1,0,11,0,12,2,15,16.92122034,0,0,0,0.31,0.027
C004,=,0,0,0,0,60,10,20,0,0,0,+,1,0,11,0,12,2,15,0,0,0,0,,
C005,=,15,6,0,5,70,10,20,0,0,0,+,1,0,11,0,12,2,15,20,0,0,0,0.45,0.036
C006,=,0,0,0,0,70,10,20,0,0,0,+,1,0,11,0,12,2,15,0,0,0,0,,
C007,=,0,0,0,0,70,10,20,0,0,0,+,1,0,11,0,12,2,15,0,0,0,0,,
C008,=,24,8,0,8,70,10,20,0,0,0,+,1,0,11,0,12,2,15,24.55240678,0,0,0,0.65,0.046
C009,=,0,0,0,0,0,10,20,0,0,0,+,1,0,11,0,12,2,15,0,0,0,0,,
C010,=,30,10,0,10,70,10,20,0,0,0,+,1,0,11,0,12,2,15,27.54350282,0,0,0,0.78,0.052
C011,=,0,0,0,0,0,10,20,0,0,0,+,1,0,11,0,12,2,15,0,0,0,0,,
C012,=,0,0,0,0,80,10,20,0,0,0,+,1,0,11,0,12,2,15,0,0,0,0,,
C013,=,39,13,0,13,0,10,20,0,0,0,+,1,0,11,0,12,2,15,31.96438418,0,0,0,0.99,0.06
C014,=,0,0,0,0,0,10,20,0,0,0,+,1,0,11,0,12,2,15,0,0,0,0,,
C015,=,45,15,0,15,70,10,20,0,0,0,+,1,0,11,0,23,2,15,34.86779661,0,0,0,1.13,0.065
C016,=,0,0,0,0,0,10,20,0,0,0,+,1,0,11,0,23,2,15,0,0,0,0,,
C017,=,0,0,0,0,0,10,20,0,0,0,+,1,0,11,0,23,2,15,0,0,0,0,,
C018,=,54,18,0,18,0,10,20,0,0,0,+,1,0,11,0,23,2,15,39.15715254,0,0,0,1.35,0.072
C019,=,0,0,0,0,0,10,20,0,0,0,+,1,0,11,0,23,2,15,0,0,0,0,,
C020,=,60,20,0,20,70,10,20,0,0,0,+,1,0,11,0,23,2,15,41.97288136,0,0,0,1.51,0.077
C021,=,0,0,0,0,0,10,20,0,0,0,+,1,0,11,0,23,2,15,0,0,0,0,,
C022,=,0,0,0,0,0,10,20,0,0,0,+,1,0,11,0,23,2,15,0,0,0,0,,
C023,=,69,23,0,23,0,10,20,0,0,0,+,1,0,11,0,23,2,15,46.13071186,0,0,0,1.74,0.084
C024,=,0,0,0,0,0,10,20,0,0,0,+,1,0,11,0,23,2,15,0,0,0,0,,
C025,=,75,25,0,25,70,10,20,0,0,0,+,1,0,11,0,34,2,15,48.85875706,0,0,0,1.91,0.089
C026,=,0,0,0,0,0,10,20,0,0,0,+,1,0,11,0,34,2,15,0,0,0,0,,
C027,=,0,0,0,0,0,10,20,0,0,0,+,1,0,11,0,34,2,15,0,0,0,0,,
C028,=,84,28,0,28,0,10,20,0,0,0,+,1,0,11,0,34,2,15,52.88506215,0,0,0,2.16,0.095
C029,=,0,0,0,0,0,10,20,0,0,0,+,1,0,11,0,34,2,15,0,0,0,0,,
C030,=,90,30,0,30,60,10,20,0,0,0,+,1,0,11,0,34,2,15,55.52542373,0,0,0,2.34,0.1
C031,=,0,0,0,0,0,10,20,0,0,0,+,1,0,11,0,34,2,15,0,0,0,0,,
C032,=,0,0,0,0,0,10,20,0,0,0,+,1,0,11,0,34,2,15,0,0,0,0,,
C033,=,99,33,0,33,0,10,20,0,0,0,+,1,0,11,0,34,2,15,59.42020339,0,0,0,2.61,
C034,=,0,0,0,0,0,10,20,0,0,0,+,1,0,11,0,34,2,15,0,0,0,0,,
C035,=,105,35,0,35,60,10,20,0,0,0,+,1,0,11,0,34,2,15,61.97288136,0,0,0,2.8,
C036,=,0,0,0,0,0,10,20,0,0,0,+,1,0,11,0,34,2,15,0,0,0,0,,
C037,=,0,0,0,0,0,10,20,0,0,0,+,1,0,11,0,34,2,15,0,0,0,0,,
C038,=,0,0,0,0,0,10,20,0,0,0,+,1,0,11,0,34,2,15,0,0,0,0,,
C039,=,0,0,0,0,0,10,20,0,0,0,+,1,0,11,0,34,2,15,0,0,0,0,,
C040,=,120,40,0,40,60,10,20,0,0,0,+,1,0,11,0,45,2,15,68.20112994,0,0,0,3.3,0.12
C041,=,0,0,0,0,0,10,20,0,0,0,+,1,0,11,0,45,2,15,0,0,0,0,,
C042,=,0,0,0,0,0,10,20,0,0,0,+,1,0,11,0,45,2,15,0,0,0,0,,
C043,=,0,0,0,0,0,10,20,0,0,0,+,1,0,11,0,45,2,15,0,0,0,0,,
C044,=,0,0,0,0,0,10,20,0,0,0,+,1,0,11,0,45,2,15,0,0,0,0,,
C045,=,135,45,0,45,60,10,20,0,0,0,+,1,0,11,0,45,2,15,74.21016949,0,0,0,3.83,
C046,=,0,0,0,0,0,10,20,0,0,0,+,1,0,11,0,45,2,15,0,0,0,0,,
C047,=,0,0,0,0,0,10,20,0,0,0,+,1,0,11,0,45,2,15,0,0,0,0,,
C048,=,0,0,0,0,0,10,20,0,0,0,+,1,0,11,0,45,2,15,0,0,0,0,,
C049,=,0,0,0,0,0,10,20,0,0,0,+,1,0,11,0,45,2,15,0,0,0,0,,
C050,=,150,50,0,50,60,10,20,0,0,0,+,1,0,11,0,45,2,15,80,0,0,0,4.4,0.143
C051,=,0,0,0,0,0,10,20,0,0,0,+,1,0,11,0,45,2,15,0,0,0,0,,
C052,=,0,0,0,0,0,10,20,0,0,0,+,1,0,11,0,45,2,15,0,0,0,0,,
C053,=,0,0,0,0,0,10,20,0,0,0,+,1,0,11,0,45,2,15,0,0,0,0,,
C054,=,0,0,0,0,0,10,20,0,0,0,+,1,0,11,0,45,2,15,0,0,0,0,,
C055,=,165,55,0,55,60,10,20,0,0,0,+,1,0,11,0,45,2,15,80,0,0,0,5.01,0.154
C056,=,0,0,0,0,0,10,20,0,0,0,+,1,0,11,0,45,2,15,0,0,0,0,,
C057,=,0,0,0,0,0,10,20,0,0,0,+,1,0,11,0,45,2,15,0,0,0,0,,
C058,=,0,0,0,0,0,10,20,0,0,0,+,1,0,11,0,45,2,15,0,0,0,0,,
C059,=,0,0,0,0,0,10,20,0,0,0,+,1,0,11,0,45,2,15,0,0,0,0,,
C060,=,180,60,0,60,60,10,20,0,0,0,+,1,0,11,0,45,2,15,80,0,0,0,5.66,0.164
C061,=,0,0,0,0,0,10,20,0,0,0,+,1,0,11,0,45,2,15,0,0,0,0,,
C062,=,0,0,0,0,0,10,20,0,0,0,+,1,0,11,0,45,2,15,0,0,0,0,,
C063,=,0,0,0,0,0,10,20,0,0,0,+,1,0,11,0,45,2,15,0,0,0,0,,
C064,=,0,0,0,0,0,10,20,0,0,0,+,1,0,11,0,45,2,15,0,0,0,0,,
C065,=,195,65,0,65,60,10,20,0,0,0,+,1,0,11,0,45,2,15,80,0,0,0,6.35,0.175
C066,=,0,0,0,0,0,10,20,0,0,0,+,1,0,11,0,45,2,15,0,0,0,0,,
C067,=,0,0,0,0,0,10,20,0,0,0,+,1,0,11,0,45,2,15,0,0,0,0,,
C068,=,0,0,0,0,0,10,20,0,0,0,+,1,0,11,0,45,2,15,0,0,0,0,,
C069,=,0,0,0,0,0,10,20,0,0,0,+,1,0,11,0,45,2,15,0,0,0,0,,
C070,=,210,70,0,70,45,10,20,0,0,0,+,1,0,11,0,45,2,15,80,0,0,0,7.1,0.186
C071,=,0,0,0,0,0,10,20,0,0,0,+,1,0,11,0,45,2,15,0,0,0,0,,
C072,=,0,0,0,0,0,10,20,0,0,0,+,1,0,11,0,45,2,15,0,0,0,0,,
C073,=,0,0,0,0,0,10,20,0,0,0,+,1,0,11,0,45,2,15,0,0,0,0,,
C074,=,0,0,0,0,0,10,20,0,0,0,+,1,0,11,0,45,2,15,0,0,0,0,,
C075,=,225,75,0,75,45,10,20,0,0,0,+,1,0,11,0,45,2,15,80,0,0,0,7.79,0.197
C076,=,0,0,0,0,0,10,20,0,0,0,+,1,0,11,0,45,2,15,0,0,0,0,,
C077,=,0,0,0,0,0,10,20,0,0,0,+,1,0,11,0,45,2,15,0,0,0,0,,
C078,=,0,0,0,0,0,10,20,0,0,0,+,1,0,11,0,45,2,15,0,0,0,0,,
C079,=,0,0,0,0,0,10,20,0,0,0,+,1,0,11,0,45,2,15,0,0,0,0,,
C080,=,240,80,0,80,45,10,20,0,0,0,+,1,0,11,0,45,2,15,80,0,0,0,8.7,0.208
C081,=,0,0,0,0,80,10,20,0,0,0,+,1,0,11,0,47,2,15,0,0,0,0,,
C082,=,0,0,0,0,80,10,20,0,0,0,+,1,0,11,0,47,2,15,0,0,0,0,,
C083,=,0,0,0,0,70,10,20,0,0,0,+,1,0,11,0,47,2,15,0,0,0,0,,
C084,=,0,0,0,0,70,10,20,0,0,0,+,1,0,11,0,47,2,15,0,0,0,0,,
C085,=,255,85,0,85,60,10,20,0,0,0,+,1,0,11,0,47,2,15,80,0,0,0,,
C086,=,270,90,0,90,60,10,20,0,0,0,+,1,0,11,0,47,2,15,80,0,0,0,,
C087,=,300,100,0,100,0,10,20,0,0,0,+,1,0,11,0,47,2,15,80,0,0,0,,
C088,=,360,120,0,120,0,10,20,0,0,0,+,1,0,11,0,47,2,15,80,0,0,0,,
C089,=,450,150,0,150,0,10,20,0,0,0,+,1,0,11,0,47,2,15,80,0,0,0,,
C090,=,540,180,0,180,0,10,20,0,0,0,+,1,0,11,0,47,2,15,80,0,0,0,10.5,0.23
C091,=,600,200,0,200,0,10,20,0,0,0,+,1,0,11,0,47,2,15,80,0,0,0,12.5,0.253
C092,=,690,230,0,230,45,10,20,0,0,0,+,1,0,11,0,47,2,15,80,0,0,0,25.9,0.371
C093,=,750,250,0,250,0,10,20,0,0,0,+,1,0,11,0,47,2,15,80,0,0,0,45.9,0.5
C094,=,900,300,0,300,45,10,20,0,0,0,+,1,0,11,0,47,2,15,80,0,0,0,73.7,0.638
C095,=,0,0,0,0,45,10,20,0,0,0,+,1,0,11,0,47,2,15,0,0,0,0,110.8,0.79
C096,=,0,0,0,0,0,10,20,0,0,0,+,1,0,11,0,47,2,15,0,0,0,0,,
C097,=,0,0,0,0,0,10,20,0,0,0,+,1,0,11,0,47,2,15,0,0,0,0,,
C098,=,0,0,0,0,0,10,20,0,0,0,+,1,0,11,0,47,2,15,0,0,0,0,,
C099,=,0,0,0,0,0,10,20,0,0,0,+,1,0,11,0,47,2,15,0,0,0,0,,
C100,=,60,20,1,10,70,10,20,301,0,0,+,1,40,10,0,3,1,15,3,2,0,0,,
C101,=,60,20,2,15,70,10,20,301,0,0,+,1,51,1,0,3,1,15,3,2,0,0,,
C102,=,60,20,1,10,60,10,20,301,0,0,+,1,51,11,0,3,1,15,3,2,0,0,,
C103,=,50,18,0,10,60,10,20,301,0,0,+,1,10,20,0,3,1,15,3,2,0,0,,
C104,=,40,20,0,10,70,10,20,301,0,0,+,1,10,20,0,3,1,15,3,2,0,0,,
C105,=,20,9,0,15,60,10,20,301,0,0,+,1,52,10,0,3,1,15,3,2,1000,0,,
C106,=,0,0,0,0,0,10,20,0,0,0,+,0,0,0,0,3,0,15,0,0,0,0,,
C107,=,0,0,0,0,0,10,20,0,0,0,+,0,0,0,0,3,0,15,0,0,0,0,,
C108,=,0,0,0,0,0,10,20,0,0,0,+,0,0,0,0,3,0,15,0,0,0,0,,
C109,=,0,0,0,0,0,10,20,0,0,0,+,0,0,0,0,3,0,15,0,0,0,0,,
C110,=,80,20,0,20,70,10,20,301,0,0,+,1,1,10,0,3,1,15,3,2,0,0,,
C111,=,80,20,2,25,70,10,20,301,0,0,+,1,51,1,0,3,1,15,3,2,0,0,,
C112,=,80,20,1,25,60,10,20,301,0,0,+,1,51,11,0,3,1,15,3,2,0,0,,
C113,=,80,30,0,20,45,10,20,301,0,0,+,1,10,20,0,3,1,15,3,2,0,0,,
C114,=,70,35,0,20,60,10,20,301,0,0,+,1,10,20,0,3,1,15,3,2,0,0,,
C115,=,50,20,0,25,60,10,20,301,0,0,+,1,10,20,0,3,1,15,3,2,0,0,,
C116,=,0,0,0,0,0,10,20,0,0,0,+,0,0,0,0,3,0,15,0,0,0,0,,
C117,=,0,0,0,0,0,10,20,0,0,0,+,0,0,0,0,3,0,15,0,0,0,0,,
C118,=,0,0,0,0,0,10,20,0,0,0,+,0,0,0,0,3,0,15,0,0,0,0,,
C119,=,0,0,0,0,0,10,20,0,0,0,+,0,0,0,0,3,0,15,0,0,0,0,,
C120,=,120,20,0,30,60,10,20,301,0,0,+,1,41,10,0,3,1,15,2,2,0,0,,
C121,=,120,20,2,35,70,10,20,301,0,0,+,1,51,1,0,3,1,15,3,2,0,0,,
C122,=,120,20,2,35,60,10,20,301,0,0,+,1,51,11,0,3,1,15,3,2,0,0,,
C123,=,100,35,0,30,45,10,20,301,0,0,+,1,10,20,0,3,1,15,3,2,0,0,,
C124,=,90,40,0,20,60,10,20,301,0,0,+,1,11,10,0,3,1,15,3,2,0,0,,
C125,=,70,25,0,25,60,10,20,301,0,0,+,1,11,10,0,3,1,15,3,2,0,0,,
C126,=,0,0,0,0,0,10,20,0,0,0,+,0,0,0,0,3,0,15,0,0,0,0,,
C127,=,0,0,0,0,0,10,20,0,0,0,+,0,0,0,0,3,0,15,0,0,0,0,,
C128,=,0,0,0,0,0,10,20,0,0,0,+,0,0,0,0,3,0,15,0,0,0,0,,
C129,=,0,0,0,0,0,10,20,0,0,0,+,0,0,0,0,3,0,15,0,0,0,0,,
C130,=,150,20,1,40,60,10,20,301,0,0,+,1,51,10,0,3,1,15,3,2,0,0,,
C131,=,150,20,2,45,70,10,20,301,0,0,+,1,51,1,0,3,1,15,3,2,0,0,,
C132,=,150,20,2,45,60,10,20,301,0,0,+,1,51,11,0,3,1,15,3,2,0,0,,
C133,=,120,40,0,40,45,10,20,301,0,0,+,1,11,10,0,3,1,15,3,2,0,0,,
C134,=,120,50,0,40,60,10,20,301,0,0,+,1,11,10,0,3,1,15,3,2,0,0,,
C135,=,90,35,0,45,60,10,20,301,0,0,+,1,11,10,0,3,1,15,3,2,0,0,,
C136,=,0,0,0,0,0,10,20,0,0,0,+,0,0,0,0,3,0,15,0,0,0,0,,
C137,=,0,0,0,0,0,10,20,0,0,0,+,0,0,0,0,3,0,15,0,0,0,0,,
C138,=,0,0,0,0,0,10,20,0,0,0,+,0,0,0,0,3,0,15,0,0,0,0,,
C139,=,0,0,0,0,0,10,20,0,0,0,+,0,0,0,0,3,0,15,0,0,0,0,,
C140,=,180,20,1,50,60,10,20,301,0,0,+,1,51,10,0,3,1,15,3,2,0,0,,
C141,=,180,20,2,55,70,10,20,301,0,0,+,1,51,1,0,3,1,15,3,2,0,0,,
C142,=,180,20,2,55,60,10,20,301,0,0,+,1,51,11,0,3,1,15,3,2,0,0,,
C143,=,160,50,0,50,45,10,20,301,0,0,+,1,11,10,0,3,1,15,3,2,0,0,,
C144,=,140,60,0,50,60,10,20,301,0,0,+,1,11,10,0,3,1,15,3,2,0,0,,
C145,=,100,40,0,55,60,10,20,301,0,0,+,1,11,10,0,3,1,15,3,2,0,0,,
C146,=,0,0,0,0,0,10,20,0,0,0,+,0,,0,0,3,0,15,0,0,0,0,,
C147,=,0,0,0,0,0,10,20,0,0,0,+,0,0,0,0,3,0,15,0,0,0,0,,
C148,=,0,0,0,0,0,10,20,0,0,0,+,0,0,0,0,3,0,15,0,0,0,0,,
C149,=,0,0,0,0,0,10,20,0,0,0,+,0,0,0,0,3,0,15,0,0,0,0,,
C150,=,210,30,1,60,60,10,20,301,0,0,+,1,51,10,0,3,1,15,3,2,0,0,,
C151,=,210,30,2,65,70,10,20,0,0,0,+,1,51,1,0,3,1,15,1,0,0,0,,
C152,=,210,30,2,65,60,10,20,0,0,0,+,1,71,11,0,3,1,15,1,0,0,0,,
C153,=,200,60,0,60,45,10,20,0,0,0,+,1,11,10,0,3,1,15,1,0,0,0,,
C154,=,180,70,0,60,60,10,20,0,0,0,+,1,11,10,0,3,1,15,1,0,0,0,,
C155,=,120,16,2,65,60,10,20,0,0,0,+,1,11,10,0,3,1,15,1,0,0,0,,
C156,=,0,0,0,0,0,10,20,0,0,0,+,0,0,0,0,3,0,15,0,0,0,0,,
C157,=,0,0,0,0,0,10,20,0,0,0,+,0,0,0,0,3,0,15,0,0,0,0,,
C158,=,0,0,0,0,0,10,20,0,0,0,+,0,0,0,0,3,0,15,0,0,0,0,,
C159,=,0,0,0,0,0,10,20,0,0,0,+,0,0,0,0,3,0,15,0,0,0,0,,
C160,=,250,30,1,70,60,10,20,301,0,0,+,1,51,10,0,3,1,15,3,2,0,0,,
C161,=,250,30,2,75,70,10,20,0,0,0,+,1,51,1,0,3,1,15,1,0,0,0,,
C162,=,250,30,2,75,60,10,20,0,0,0,+,1,71,11,0,3,1,15,1,0,0,0,,
C163,=,260,70,0,70,45,10,20,0,0,0,+,1,11,10,0,3,1,15,1,0,0,0,,
C164,=,240,90,0,70,60,10,20,0,0,0,+,1,11,10,0,3,1,15,1,0,0,0,,
C165,=,140,18,0,75,60,10,20,0,0,0,+,1,11,10,0,3,1,15,1,0,0,0,,
C166,=,0,0,0,0,0,10,20,0,0,0,+,0,0,0,0,3,0,15,0,0,0,0,,
C167,=,0,0,0,0,0,10,20,0,0,0,+,0,0,0,0,3,0,15,0,0,0,0,,
C168,=,0,0,0,0,0,10,20,0,0,0,+,0,0,0,0,3,0,15,0,0,0,0,,
C169,=,0,0,0,0,0,10,20,0,0,0,+,0,0,0,0,3,0,15,0,0,0,0,,
C170,=,350,30,1,100,60,10,20,301,0,0,+,1,11,10,0,3,1,15,3,2,0,0,,
C171,=,350,30,2,105,70,10,20,0,0,0,+,1,11,1,0,3,1,15,1,0,0,0,,
C172,=,350,30,2,105,60,10,20,0,0,0,+,1,31,11,0,3,1,15,1,0,0,0,,
C173,=,320,80,0,100,45,10,20,0,0,0,+,1,11,10,0,3,1,15,1,0,0,0,,
C174,=,300,100,0,100,60,10,20,0,0,0,+,1,11,10,0,3,1,15,1,0,0,0,,
C175,=,0,0,0,0,0,10,20,0,0,0,+,0,0,0,0,3,0,15,0,0,0,0,,
C176,=,0,0,0,0,0,10,20,0,0,0,+,0,0,0,0,3,0,15,0,0,0,0,,
C177,=,0,0,0,0,0,10,20,0,0,0,+,0,0,0,0,3,0,15,0,0,0,0,,
C178,=,0,0,0,0,0,10,20,0,0,0,+,0,0,0,0,3,0,15,0,0,0,0,,
C179,=,0,0,0,0,0,10,20,0,0,0,+,0,0,0,0,3,0,15,0,0,0,0,,
C180,=,550,30,1,150,60,10,20,301,0,0,+,1,11,10,0,3,1,15,3,2,0,0,,
C181,=,550,30,2,155,70,10,20,0,0,0,+,1,11,1,0,3,1,15,1,0,0,0,,
C182,=,550,30,2,155,60,10,20,0,0,0,+,1,31,11,0,3,1,15,1,0,0,0,,
C183,=,380,90,0,150,45,10,20,0,0,0,+,1,11,10,0,3,1,15,1,0,0,0,,
C184,=,360,110,0,150,60,10,20,0,0,0,+,1,11,10,0,3,1,15,1,0,0,0,,
C185,=,0,0,0,0,0,10,20,0,0,0,+,0,0,0,0,3,0,15,0,0,0,0,,
C186,=,0,0,0,0,0,10,20,0,0,0,+,0,0,0,0,3,0,15,0,0,0,0,,
C187,=,0,0,0,0,0,10,20,0,0,0,+,0,0,0,0,3,0,15,0,0,0,0,,
C188,=,0,0,0,0,0,10,20,0,0,0,+,0,0,0,0,3,0,15,0,0,0,0,,
C189,=,0,0,0,0,0,10,20,0,0,0,+,0,0,0,0,3,0,15,0,0,0,0,,
C190,=,800,50,1,200,60,10,20,301,0,0,+,1,10,20,0,3,1,15,3,2,0,0,,
C191,=,800,50,2,205,70,10,20,0,0,0,+,1,11,1,0,3,1,15,1,0,0,0,,
C192,=,800,50,2,205,60,10,20,0,0,0,+,1,31,11,0,3,1,15,1,0,0,0,,
C193,=,420,90,0,200,35,10,20,0,0,0,+,1,10,20,0,3,1,15,1,0,0,0,,
C194,=,400,120,0,200,45,10,20,0,0,0,+,1,10,20,0,3,1,15,1,0,0,0,,
C195,=,460,90,0,250,35,10,20,0,0,0,+,1,10,20,0,3,1,15,1,0,0,0,,
C196,=,460,120,0,250,45,10,20,0,0,0,+,1,10,20,0,3,1,15,1,0,0,0,,
C197,=,500,100,0,310,35,10,20,0,0,0,+,1,10,20,0,3,1,15,1,0,0,0,,
C198,=,500,130,0,310,45,10,20,0,0,0,+,1,10,20,0,3,1,15,1,0,0,0,,
C199,=,0,0,0,0,0,10,20,0,0,0,+,0,0,0,0,3,0,15,0,0,0,0,,
C200,=,60,30,0,10,60,10,20,301,0,0,+,1,51,10,0,3,1,15,2,2,0,0,,
C201,=,0,0,0,0,0,10,20,0,0,0,+,0,0,0,0,3,0,15,0,0,0,0,,
C202,=,0,0,0,0,0,10,20,0,0,0,+,0,0,0,0,3,0,15,0,0,0,0,,
C203,=,0,0,0,0,0,10,20,0,0,0,+,0,0,0,0,3,0,15,0,0,0,0,,
C204,=,0,0,0,0,0,10,20,0,0,0,+,0,0,0,0,3,0,15,0,0,0,0,,
C205,=,0,0,0,0,0,10,20,0,0,0,+,0,0,0,0,3,0,15,0,0,0,0,,
C206,=,0,0,0,0,0,10,20,0,0,0,+,0,0,0,0,3,0,15,0,0,0,0,,
C207,=,250,30,2,80,45,10,20,1,0,0,+,1,11,10,0,3,1,15,1,0,0,0,,
C208,=,1000,50,3,210,70,10,20,1,0,0,+,1,11,10,0,3,1,15,1,0,0,0,,
C209,=,1250,50,3,310,70,10,20,1,0,0,+,1,11,10,0,3,1,15,1,0,0,0,,
C210,=,80,30,0,20,60,10,20,301,0,0,+,1,51,10,0,3,1,15,2,2,0,0,,
C211,=,0,0,0,0,0,10,20,0,0,0,+,0,0,0,0,3,0,15,0,0,0,0,,
C212,=,0,0,0,0,0,10,20,0,0,0,+,0,0,0,0,3,0,15,0,0,0,0,,
C213,=,0,0,0,0,0,10,20,0,0,0,+,0,0,0,0,3,0,15,0,0,0,0,,
C214,=,0,0,0,0,0,10,20,0,0,0,+,0,0,0,0,3,0,15,0,0,0,0,,
C215,=,0,0,0,0,0,10,20,0,0,0,+,0,0,0,0,3,0,15,0,0,0,0,,
C216,=,0,0,0,0,0,10,20,0,0,0,+,0,0,0,0,3,0,15,0,0,0,0,,
C217,=,350,30,2,90,45,10,20,1,0,0,+,1,11,10,0,3,1,15,1,0,0,0,,
C218,=,1000,50,3,220,70,10,20,1,0,0,+,1,11,10,0,3,1,15,1,0,0,0,,
C219,=,0,0,0,0,0,10,20,0,0,0,+,0,0,0,0,3,0,15,0,0,0,0,,
C220,=,100,30,0,30,60,10,20,301,0,0,+,1,51,10,0,3,1,15,3,0,0,0,,
C221,=,0,0,0,0,0,10,20,0,0,0,+,0,0,0,0,3,0,15,0,0,0,0,,
C222,=,0,0,0,0,0,10,20,0,0,0,+,0,0,0,0,3,0,15,0,0,0,0,,
C223,=,0,0,0,0,0,10,20,0,0,0,+,0,0,0,0,3,0,15,0,0,0,0,,
C224,=,0,0,0,0,0,10,20,0,0,0,+,0,0,0,0,3,0,15,0,0,0,0,,
C225,=,0,0,0,0,0,10,20,0,0,0,+,0,0,0,0,3,0,15,0,0,0,0,,
C226,=,0,0,0,0,0,10,20,0,0,0,+,0,0,0,0,3,0,15,0,0,0,0,,
C227,=,550,30,3,110,45,10,20,1,0,0,+,1,11,10,0,3,1,15,1,0,0,0,,
C228,=,1000,50,3,230,70,10,20,1,0,0,+,1,11,10,0,3,1,15,1,0,0,0,,
C229,=,0,0,0,0,0,10,20,0,0,0,+,0,0,0,0,3,0,15,0,0,0,0,,
C230,=,120,30,0,40,60,10,20,301,0,0,+,1,11,10,0,3,1,15,2,0,0,0,,
C231,=,0,0,0,0,0,10,20,0,0,0,+,0,0,0,0,3,0,15,0,0,0,0,,
C232,=,0,0,0,0,0,10,20,0,0,0,+,0,0,0,0,3,0,15,0,0,0,0,,
C233,=,0,0,0,0,0,10,20,0,0,0,+,0,0,0,0,3,0,15,0,0,0,0,,
C234,=,0,0,0,0,0,10,20,0,0,0,+,0,0,0,0,3,0,15,0,0,0,0,,
C235,=,0,0,0,0,0,10,20,0,0,0,+,0,0,0,0,3,0,15,0,0,0,0,,
C236,=,0,0,0,0,0,10,20,0,0,0,+,0,0,0,0,3,0,15,0,0,0,0,,
C237,=,550,30,3,130,45,10,20,1,0,0,+,1,11,10,0,3,1,15,1,0,0,0,,
C238,=,1000,50,3,240,70,10,20,1,0,0,+,1,11,10,0,3,1,15,1,0,0,0,,
C239,=,0,0,0,0,0,10,20,0,0,0,+,0,0,0,0,3,0,15,0,0,0,0,,
C240,=,150,30,0,50,60,10,20,301,0,0,+,1,11,10,0,3,1,15,3,2,0,0,,
C241,=,0,0,0,0,0,10,20,0,0,0,+,0,0,0,0,3,0,15,0,0,0,0,,
C242,=,0,0,0,0,0,10,20,0,0,0,+,0,0,0,0,3,0,15,0,0,0,0,,
C243,=,0,0,0,0,0,10,20,0,0,0,+,0,0,0,0,3,0,15,0,0,0,0,,
C244,=,0,0,0,0,0,10,20,0,0,0,+,0,0,0,0,3,0,15,0,0,0,0,,
C245,=,0,0,0,0,0,10,20,0,0,0,+,0,0,0,0,3,0,15,0,0,0,0,,
C246,=,0,0,0,0,0,10,20,0,0,0,+,0,0,0,0,3,0,15,0,0,0,0,,
C247,=,800,50,3,140,45,10,20,1,0,0,+,1,11,10,0,3,1,15,1,0,0,0,,
C248,=,1000,50,3,230,70,10,20,1,0,0,+,1,11,10,0,3,1,15,1,0,0,0,,
C249,=,0,0,0,0,0,10,20,0,0,0,+,0,0,0,0,3,0,15,0,0,0,0,,
C250,=,180,30,0,60,60,10,20,301,0,0,+,1,11,10,0,3,1,15,3,0,0,0,,
C251,=,0,0,0,0,0,10,20,0,0,0,+,0,0,0,0,3,0,15,0,0,0,0,,
C252,=,0,0,0,0,0,10,20,0,0,0,+,0,0,0,0,3,0,15,0,0,0,0,,
C253,=,0,0,0,0,0,10,20,0,0,0,+,0,0,0,0,3,0,15,0,0,0,0,,
C254,=,0,0,0,0,0,10,20,0,0,0,+,0,0,0,0,3,0,15,0,0,0,0,,
C255,=,0,0,0,0,0,10,20,0,0,0,+,0,0,0,0,3,0,15,0,0,0,0,,
C256,=,0,0,0,0,0,10,20,0,0,0,+,0,0,0,0,3,0,15,0,0,0,0,,
C257,=,800,50,3,160,70,10,20,1,0,0,+,1,11,10,0,3,1,15,1,0,0,0,,
C258,=,1000,50,3,260,70,10,20,1,0,0,+,1,11,10,0,3,1,15,1,0,0,0,,
C259,=,0,0,0,0,0,10,20,0,0,0,+,0,0,0,0,3,0,15,0,0,0,0,,
C260,=,210,50,0,70,60,10,20,301,0,0,+,1,11,10,0,3,1,15,3,2,0,0,,
C261,=,0,0,0,0,0,10,20,0,0,0,+,0,0,0,0,3,0,15,0,0,0,0,,
C262,=,0,0,0,0,0,10,20,0,0,0,+,0,0,0,0,3,0,15,0,0,0,0,,
C263,=,0,0,0,0,0,10,20,0,0,0,+,0,0,0,0,3,0,15,0,0,0,0,,
C264,=,0,0,0,0,0,10,20,0,0,0,+,0,0,0,0,3,0,15,0,0,0,0,,
C265,=,0,0,0,0,0,10,20,0,0,0,+,0,0,0,0,3,0,15,0,0,0,0,,
C266,=,0,0,0,0,0,10,20,0,0,0,+,0,0,0,0,3,0,15,0,0,0,0,,
C267,=,800,50,3,170,70,10,20,1,0,0,+,1,11,10,0,3,1,15,1,0,0,0,,
C268,=,1250,50,3,270,70,10,20,1,0,0,+,1,11,10,0,3,1,15,1,0,0,0,,
C269,=,0,0,0,0,0,10,20,0,0,0,+,0,0,0,0,3,0,15,0,0,0,0,,
C270,=,250,50,0,100,60,10,20,301,0,0,+,1,11,10,0,3,1,15,3,2,0,0,,
C271,=,0,0,0,0,0,10,20,0,0,0,+,0,0,0,0,3,0,15,0,0,0,0,,
C272,=,0,0,0,0,0,10,20,0,0,0,+,0,0,0,0,3,0,15,0,0,0,0,,
C273,=,0,0,0,0,0,10,20,0,0,0,+,0,0,0,0,3,0,15,0,0,0,0,,
C274,=,0,0,0,0,0,10,20,0,0,0,+,0,0,0,0,3,0,15,0,0,0,0,,
C275,=,0,0,0,0,0,10,20,0,0,0,+,0,0,0,0,3,0,15,0,0,0,0,,
C276,=,0,0,0,0,0,10,20,0,0,0,+,0,0,0,0,3,0,15,0,0,0,0,,
C277,=,800,50,3,180,70,10,20,1,0,0,+,1,11,10,0,3,1,15,1,0,0,0,,
C278,=,1250,50,3,280,70,10,20,1,0,0,+,1,11,10,0,3,1,15,1,0,0,0,,
C279,=,0,0,0,0,0,10,20,0,0,0,+,0,0,0,0,3,0,15,0,0,0,0,,
C280,=,350,30,1,120,60,10,20,301,0,0,+,1,11,10,0,3,1,15,3,2,0,0,,
C281,=,0,0,0,0,0,10,20,0,0,0,+,0,0,0,0,3,0,15,0,0,0,0,,
C282,=,0,0,0,0,0,10,20,0,0,0,+,0,0,0,0,3,0,15,0,0,0,0,,
C283,=,0,0,0,0,0,10,20,0,0,0,+,0,0,0,0,3,0,15,0,0,0,0,,
C284,=,0,0,0,0,0,10,20,0,0,0,+,0,0,0,0,3,0,15,0,0,0,0,,
C285,=,0,0,0,0,0,10,20,0,0,0,+,0,0,0,0,3,0,15,0,0,0,0,,
C286,=,0,0,0,0,0,10,20,0,0,0,+,0,0,0,0,3,0,15,0,0,0,0,,
C287,=,800,50,3,190,70,10,20,1,0,0,+,1,11,10,0,3,1,15,1,0,0,0,,
C288,=,1250,50,3,290,70,10,20,1,0,0,+,1,11,10,0,3,1,15,1,0,0,0,,
C289,=,0,0,0,0,0,10,20,0,0,0,+,0,0,0,0,3,0,15,0,0,0,0,,
C290,=,350,30,1,150,60,10,20,301,0,0,+,1,11,10,0,3,1,15,3,2,0,0,,
C291,=,0,0,0,0,0,10,20,0,0,0,+,0,0,0,0,3,0,15,0,0,0,0,,
C292,=,0,0,0,0,0,10,20,0,0,0,+,0,0,0,0,3,0,15,0,0,0,0,,
C293,=,0,0,0,0,0,10,20,0,0,0,+,0,0,0,0,3,0,15,0,0,0,0,,
C294,=,0,0,0,0,0,10,20,0,0,0,+,0,0,0,0,3,0,15,0,0,0,0,,
C295,=,0,0,0,0,0,10,20,0,0,0,+,0,0,0,0,3,0,15,0,0,0,0,,
C296,=,0,0,0,0,0,10,20,0,0,0,+,0,0,0,0,3,0,15,0,0,0,0,,
C297,=,800,50,3,200,70,10,20,1,0,0,+,1,11,10,0,3,1,15,1,0,0,0,,
C298,=,1250,50,3,300,70,10,20,1,0,0,+,1,11,10,0,3,1,15,1,0,0,0,,
C299,=,0,0,0,0,0,10,20,0,0,0,+,0,0,0,0,3,0,15,0,0,0,0,,
C300,=,12,5,0,10,60,10,20,301,0,0,+,1,52,10,0,73,1,15,3,2,1000,0,,
C301,=,30,10,1,15,60,10,20,1,0,0,+,0,51,10,0,73,1,15,1,0,0,0,,
C302,=,0,0,0,0,0,10,20,0,0,0,+,0,0,0,0,3,0,15,0,0,0,0,,
C303,=,0,0,0,0,0,10,20,0,0,0,+,0,0,0,0,3,0,15,0,0,0,0,,
C304,=,0,0,0,0,0,10,20,0,0,0,+,0,0,0,0,3,0,15,0,0,0,0,,
C305,=,12,5,0,5,70,10,20,1,0,0,+,1,51,10,0,73,1,15,1,0,1000,0,,
C306,=,0,0,0,0,0,10,20,0,0,0,+,0,0,0,0,3,0,15,0,0,0,0,,
C307,=,0,0,0,0,0,10,20,0,0,0,+,0,0,0,0,3,0,15,0,0,0,0,,
C308,=,0,0,0,0,0,10,20,0,0,0,+,0,0,0,0,3,0,15,0,0,0,0,,
C309,=,0,0,0,0,0,10,20,0,0,0,+,0,0,0,0,3,0,15,0,0,0,0,,
C310,=,18,15,0,10,70,10,20,301,0,0,+,1,51,10,0,73,1,15,3,2,0,0,,
C311,=,30,10,1,15,60,10,20,1,0,0,+,1,51,10,0,73,1,15,1,0,0,0,,
C312,=,30,10,1,15,35,10,20,1,0,0,+,1,40,1,0,73,1,15,1,0,0,0,,
C313,=,0,0,0,0,0,10,20,0,0,0,+,0,0,0,0,3,0,15,0,0,0,0,,
C314,=,0,0,0,0,0,10,20,0,0,0,+,0,0,0,0,3,0,15,0,0,0,0,,
C315,=,0,0,0,0,0,10,20,0,0,0,+,0,0,0,0,3,0,15,0,0,0,0,,
C316,=,0,0,0,0,0,10,20,0,0,0,+,0,0,0,0,3,0,15,0,0,0,0,,
C317,=,0,0,0,0,0,10,20,0,0,0,+,0,0,0,0,3,0,15,0,0,0,0,,
C318,=,0,0,0,0,0,10,20,0,0,0,+,0,0,0,0,3,0,15,0,0,0,0,,
C319,=,0,0,0,0,0,10,20,0,0,0,+,0,0,0,0,3,0,15,0,0,0,0,,
C320,=,18,15,0,20,60,10,20,301,0,0,+,1,51,10,0,73,1,15,3,2,0,0,,
C321,=,30,10,1,25,60,10,20,1,0,0,+,1,51,10,0,73,1,15,1,0,0,0,,
C322,=,30,12,1,25,35,10,20,1,0,0,+,1,40,10,0,73,1,15,1,0,0,0,,
C323,=,0,0,0,0,0,10,20,0,0,0,+,0,0,0,0,3,0,15,0,0,0,0,,
C324,=,0,0,0,0,0,10,20,0,0,0,+,0,0,0,0,3,0,15,0,0,0,0,,
C325,=,0,0,0,0,0,10,20,0,0,0,+,0,0,0,0,3,0,15,0,0,0,0,,
C326,=,0,0,0,0,0,10,20,0,0,0,+,0,0,0,0,3,0,15,0,0,0,0,,
C327,=,0,0,0,0,0,10,20,0,0,0,+,0,0,0,0,3,0,15,0,0,0,0,,
C328,=,0,0,0,0,0,10,20,0,0,0,+,0,0,0,0,3,0,15,0,0,0,0,,
C329,=,0,0,0,0,0,10,20,0,0,0,+,0,0,0,0,3,0,15,0,0,0,0,,
C330,=,30,30,0,30,60,10,20,301,0,0,+,1,51,10,0,73,1,15,3,2,0,0,,
C331,=,0,0,0,0,0,10,20,0,0,0,+,0,0,0,0,3,0,15,0,0,0,0,,
C332,=,0,0,0,0,0,10,20,0,0,0,+,0,0,0,0,3,0,15,0,0,0,0,,
C333,=,0,0,0,0,0,10,20,0,0,0,+,0,0,0,0,3,0,15,0,0,0,0,,
C334,=,0,0,0,0,0,10,20,0,0,0,+,0,0,0,0,3,0,15,0,0,0,0,,
C335,=,0,0,0,0,0,10,20,0,0,0,+,0,0,0,0,3,0,15,0,0,0,0,,
C336,=,0,0,0,0,0,10,20,0,0,0,+,0,0,0,0,3,0,15,0,0,0,0,,
C337,=,0,0,0,0,0,10,20,0,0,0,+,0,0,0,0,3,0,15,0,0,0,0,,
C338,=,0,0,0,0,0,10,20,0,0,0,+,0,0,0,0,3,0,15,0,0,0,0,,
C339,=,0,0,0,0,0,10,20,0,0,0,+,0,0,0,0,3,0,15,0,0,0,0,,
C340,=,40,30,0,40,60,10,20,301,0,0,+,1,51,10,0,73,1,15,3,2,0,0,,
C341,=,0,0,0,0,0,10,20,0,0,0,+,0,0,0,0,3,0,15,0,0,0,0,,
C342,=,0,0,0,0,0,10,20,0,0,0,+,0,0,0,0,3,0,15,0,0,0,0,,
C343,=,0,0,0,0,0,10,20,0,0,0,+,0,0,0,0,3,0,15,0,0,0,0,,
C344,=,0,0,0,0,0,10,20,0,0,0,+,0,0,0,0,3,0,15,0,0,0,0,,
C345,=,0,0,0,0,0,10,20,0,0,0,+,0,0,0,0,3,0,15,0,0,0,0,,
C346,=,0,0,0,0,0,10,20,0,0,0,+,0,0,0,0,3,0,15,0,0,0,0,,
C347,=,0,0,0,0,0,10,20,0,0,0,+,0,0,0,0,3,0,15,0,0,0,0,,
C348,=,0,0,0,0,0,10,20,0,0,0,+,0,0,0,0,3,0,15,0,0,0,0,,
C349,=,0,0,0,0,0,10,20,0,0,0,+,0,0,0,0,3,0,15,0,0,0,0,,
C350,=,60,30,0,50,60,10,20,301,0,0,+,1,11,10,0,73,1,15,3,2,0,0,,
C351,=,0,0,0,0,0,10,20,0,0,0,+,0,0,0,0,3,0,15,0,0,0,0,,
C352,=,0,0,0,0,0,10,20,0,0,0,+,0,0,0,0,3,0,15,0,0,0,0,,
C353,=,0,0,0,0,0,10,20,0,0,0,+,0,0,0,0,3,0,15,0,0,0,0,,
C354,=,0,0,0,0,0,10,20,0,0,0,+,0,0,0,0,3,0,15,0,0,0,0,,
C355,=,0,0,0,0,0,10,20,0,0,0,+,0,0,0,0,3,0,15,0,0,0,0,,
C356,=,0,0,0,0,0,10,20,0,0,0,+,0,0,0,0,3,0,15,0,0,0,0,,
C357,=,0,0,0,0,0,10,20,0,0,0,+,0,0,0,0,3,0,15,0,0,0,0,,
C358,=,0,0,0,0,0,10,20,0,0,0,+,0,0,0,0,3,0,15,0,0,0,0,,
C359,=,0,0,0,0,0,10,20,0,0,0,+,0,0,0,0,3,0,15,0,0,0,0,,
C360,=,80,30,0,70,60,10,20,301,0,0,+,1,11,10,0,73,1,15,3,2,0,0,,
C361,=,0,0,0,0,0,10,20,0,0,0,+,0,0,0,0,3,0,15,0,0,0,0,,
C362,=,0,0,0,0,0,10,20,0,0,0,+,0,0,0,0,3,0,15,0,0,0,0,,
C363,=,0,0,0,0,0,10,20,0,0,0,+,0,0,0,0,3,0,15,0,0,0,0,,
C364,=,0,0,0,0,0,10,20,0,0,0,+,0,0,0,0,3,0,15,0,0,0,0,,
C365,=,0,0,0,0,0,10,20,0,0,0,+,0,0,0,0,3,0,15,0,0,0,0,,
C366,=,0,0,0,0,0,10,20,0,0,0,+,0,0,0,0,3,0,15,0,0,0,0,,
C367,=,0,0,0,0,0,10,20,0,0,0,+,0,0,0,0,3,0,15,0,0,0,0,,
C368,=,0,0,0,0,0,10,20,0,0,0,+,0,0,0,0,3,0,15,0,0,0,0,,
C369,=,0,0,0,0,0,10,20,0,0,0,+,0,0,0,0,3,0,15,0,0,0,0,,
C370,=,150,50,0,100,60,10,20,301,0,0,+,1,11,10,0,73,1,15,3,2,0,0,,
C371,=,0,0,0,0,0,10,20,0,0,0,+,0,0,0,0,3,0,15,0,0,0,0,,
C372,=,0,0,0,0,0,10,20,0,0,0,+,0,0,0,0,3,0,15,0,0,0,0,,
C373,=,0,0,0,0,0,10,20,0,0,0,+,0,0,0,0,3,0,15,0,0,0,0,,
C374,=,0,0,0,0,0,10,20,0,0,0,+,0,0,0,0,3,0,15,0,0,0,0,,
C375,=,0,0,0,0,0,10,20,0,0,0,+,0,0,0,0,3,0,15,0,0,0,0,,
C376,=,0,0,0,0,0,10,20,0,0,0,+,0,0,0,0,3,0,15,0,0,0,0,,
C377,=,0,0,0,0,0,10,20,0,0,0,+,0,0,0,0,3,0,15,0,0,0,0,,
C378,=,0,0,0,0,0,10,20,0,0,0,+,0,0,0,0,3,0,15,0,0,0,0,,
C379,=,0,0,0,0,0,10,20,0,0,0,+,0,0,0,0,3,0,15,0,0,0,0,,
C380,=,180,20,1,150,60,10,20,301,0,0,+,1,11,10,0,3,1,15,3,2,0,0,,
C381,=,0,0,0,0,0,10,20,0,0,0,+,0,0,0,0,3,0,15,0,0,0,0,,
C382,=,0,0,0,0,0,10,20,0,0,0,+,0,0,0,0,3,0,15,0,0,0,0,,
C383,=,0,0,0,0,0,10,20,0,0,0,+,0,0,0,0,3,0,15,0,0,0,0,,
C384,=,0,0,0,0,0,10,20,0,0,0,+,0,0,0,0,3,0,15,0,0,0,0,,
C385,=,0,0,0,0,0,10,20,0,0,0,+,0,0,0,0,3,0,15,0,0,0,0,,
C386,=,0,0,0,0,0,10,20,0,0,0,+,0,0,0,0,3,0,15,0,0,0,0,,
C387,=,0,0,0,0,0,10,20,0,0,0,+,0,0,0,0,3,0,15,0,0,0,0,,
C388,=,0,0,0,0,0,10,20,0,0,0,+,0,0,0,0,3,0,15,0,0,0,0,,
C389,=,0,0,0,0,0,10,20,0,0,0,+,0,1,0,0,3,0,15,0,0,0,0,,
C390,=,250,30,1,230,60,10,20,301,0,0,+,1,11,10,0,3,1,15,3,2,0,0,,
C391,=,0,0,0,0,0,10,20,0,0,0,+,0,0,0,0,3,0,15,0,0,0,0,,
C392,=,0,0,0,0,0,10,20,0,0,0,+,0,0,0,0,3,0,15,0,0,0,0,,
C393,=,0,0,0,0,0,10,20,0,0,0,+,0,0,0,0,3,0,15,0,0,0,0,,
C394,=,0,0,0,0,0,10,20,0,0,0,+,0,0,0,0,3,0,15,0,0,0,0,,
C395,=,0,0,0,0,0,10,20,0,0,0,+,0,0,0,0,3,0,15,0,0,0,0,,
C396,=,0,0,0,0,0,10,20,0,0,0,+,0,0,0,0,3,0,15,0,0,0,0,,
C397,=,0,0,0,0,0,10,20,0,0,0,+,0,0,0,0,3,0,15,0,0,0,0,,
C398,=,0,0,0,0,0,10,20,0,0,0,+,0,0,0,0,3,0,15,0,0,0,0,,
C399,=,0,0,0,0,0,10,20,0,0,0,+,0,0,0,0,3,0,15,0,0,0,0,,
C400,=,12,50,1,15,60,10,20,301,0,0,+,2,0,10,0,73,1,15,3,2,1000,0,,
C401,=,0,0,0,0,0,10,20,0,0,0,+,0,0,0,0,3,0,15,0,0,0,0,,
C402,=,0,0,0,0,0,10,20,0,0,0,+,0,0,0,0,3,0,15,0,0,0,0,,
C403,=,0,0,0,0,0,10,20,0,0,0,+,0,0,0,0,3,0,15,0,0,0,0,,
C404,=,0,0,0,0,0,10,20,0,0,0,+,0,0,0,0,3,0,15,0,0,0,0,,
C405,=,0,0,0,0,0,10,20,0,0,0,+,0,0,0,0,3,0,15,0,0,0,0,,
C406,=,0,0,0,0,0,10,20,0,0,0,+,0,0,0,0,3,0,15,0,0,0,0,,
C407,=,0,0,0,0,0,10,20,0,0,0,+,0,0,0,0,3,0,15,0,0,0,0,,
C408,=,0,0,0,0,0,10,20,0,0,0,+,0,0,0,0,3,0,15,0,0,0,0,,
C409,=,0,0,0,0,0,10,20,0,0,0,+,0,0,0,0,3,0,15,0,0,0,0,,
C410,=,40,50,1,15,60,10,20,301,0,0,+,2,0,10,0,3,1,15,3,2,0,0,,
C411,=,0,0,0,0,0,10,20,0,0,0,+,0,0,0,0,3,0,15,0,0,0,0,,
C412,=,0,0,0,0,0,10,20,0,0,0,+,0,0,0,0,3,0,15,0,0,0,0,,
C413,=,0,0,0,0,0,10,20,0,0,0,+,0,0,0,0,3,0,15,0,0,0,0,,
C414,=,0,0,0,0,0,10,20,0,0,0,+,0,0,0,0,3,0,15,0,0,0,0,,
C415,=,0,0,0,0,0,10,20,0,0,0,+,0,0,0,0,3,0,15,0,0,0,0,,
C416,=,0,0,0,0,0,10,20,0,0,0,+,0,0,0,0,3,0,15,0,0,0,0,,
C417,=,0,0,0,0,0,10,20,0,0,0,+,0,0,0,0,3,0,15,0,0,0,0,,
C418,=,0,0,0,0,0,10,20,0,0,0,+,0,0,0,0,3,0,15,0,0,0,0,,
C419,=,0,0,0,0,0,10,20,0,0,0,+,0,0,0,0,3,0,15,0,0,0,0,,
C420,=,40,50,1,25,60,10,20,301,0,0,+,2,0,10,0,3,1,15,3,2,0,0,,
C421,=,0,0,0,0,0,10,20,0,0,0,+,0,0,0,0,3,0,15,0,0,0,0,,
C422,=,0,0,0,0,0,10,20,0,0,0,+,0,0,0,0,3,0,15,0,0,0,0,,
C423,=,0,0,0,0,0,10,20,0,0,0,+,0,0,0,0,3,0,15,0,0,0,0,,
C424,=,0,0,0,0,0,10,20,0,0,0,+,0,0,0,0,3,0,15,0,0,0,0,,
C425,=,0,0,0,0,0,10,20,0,0,0,+,0,0,0,0,3,0,15,0,0,0,0,,
C426,=,0,0,0,0,0,10,20,0,0,0,+,0,0,0,0,3,0,15,0,0,0,0,,
C427,=,0,0,0,0,0,10,20,0,0,0,+,0,0,0,0,3,0,15,0,0,0,0,,
C428,=,0,0,0,0,0,10,20,0,0,0,+,0,0,0,0,3,0,15,0,0,0,0,,
C429,=,0,0,0,0,0,10,20,0,0,0,+,0,0,0,0,3,0,15,0,0,0,0,,
C430,=,40,50,1,35,60,10,20,301,0,0,+,2,0,10,0,3,1,15,3,2,0,0,,
C431,=,0,0,0,0,0,10,20,0,0,0,+,0,0,0,0,3,0,15,0,0,0,0,,
C432,=,0,0,0,0,0,10,20,0,0,0,+,0,0,0,0,3,0,15,0,0,0,0,,
C433,=,0,0,0,0,0,10,20,0,0,0,+,0,0,0,0,3,0,15,0,0,0,0,,
C434,=,0,0,0,0,0,10,20,0,0,0,+,0,0,0,0,3,0,15,0,0,0,0,,
C435,=,0,0,0,0,0,10,20,0,0,0,+,0,0,0,0,3,0,15,0,0,0,0,,
C436,=,0,0,0,0,0,10,20,0,0,0,+,0,0,0,0,3,0,15,0,0,0,0,,
C437,=,0,0,0,0,0,10,20,0,0,0,+,0,0,0,0,3,0,15,0,0,0,0,,
C438,=,0,0,0,0,0,10,20,0,0,0,+,0,0,0,0,3,0,15,0,0,0,0,,
C439,=,0,0,0,0,0,10,20,0,0,0,+,0,0,0,0,3,0,15,0,0,0,0,,
C440,=,60,50,2000,55,60,10,20,301,0,0,+,2,0,0,0,3,1,15,3,2,0,0,,
C441,=,0,0,0,0,0,10,20,0,0,0,+,0,0,0,0,3,0,15,0,0,0,0,,
C442,=,0,0,0,0,0,10,20,0,0,0,+,0,0,0,0,3,0,15,0,0,0,0,,
C443,=,0,0,0,0,0,10,20,0,0,0,+,0,0,0,0,3,0,15,0,0,0,0,,
C444,=,0,0,0,0,0,10,20,0,0,0,+,0,0,0,0,3,0,15,0,0,0,0,,
C445,=,0,0,0,0,0,10,20,0,0,0,+,0,0,0,0,3,0,15,0,0,0,0,,
C446,=,0,0,0,0,0,10,20,0,0,0,+,0,0,0,0,3,0,15,0,0,0,0,,
C447,=,0,0,0,0,0,10,20,0,0,0,+,0,0,0,0,3,0,15,0,0,0,0,,
C448,=,0,0,0,0,0,10,20,0,0,0,+,0,0,0,0,3,0,15,0,0,0,0,,
C449,=,0,0,0,0,0,10,20,0,0,0,+,0,0,0,0,3,0,15,0,0,0,0,,
C450,=,80,50,2000,75,60,10,20,301,0,0,+,2,0,0,0,3,1,15,3,2,0,0,,
C451,=,0,0,0,0,0,10,20,0,0,0,-,0,0,0,0,3,0,15,0,0,0,0,,
C452,=,0,0,0,0,0,10,20,0,0,0,+,0,0,0,0,3,0,15,0,0,0,0,,
C453,=,0,0,0,0,0,10,20,0,0,0,+,0,0,0,0,3,0,15,0,0,0,0,,
C454,=,0,0,0,0,0,10,20,0,0,0,+,0,0,0,0,3,0,15,0,0,0,0,,
C455,=,0,0,0,0,0,10,20,0,0,0,+,0,0,0,0,3,0,15,0,0,0,0,,
C456,=,0,0,0,0,0,10,20,0,0,0,+,0,0,0,0,3,0,15,0,0,0,0,,
C457,=,0,0,0,0,0,10,20,0,0,0,+,0,0,0,0,3,0,15,0,0,0,0,,
C458,=,0,0,0,0,0,10,20,0,0,0,+,0,0,0,0,3,0,15,0,0,0,0,,
C459,=,0,0,0,0,0,10,20,0,0,0,+,0,0,0,0,3,0,15,0,0,0,0,,
C460,=,100,50,2000,120,60,10,20,301,0,0,+,2,0,0,0,3,1,15,3,2,0,0,,
C461,=,0,0,0,0,0,10,20,0,0,0,+,0,0,0,0,3,0,15,0,0,0,0,,
C462,=,0,0,0,0,0,10,20,0,0,0,+,0,0,0,0,3,0,15,0,0,0,0,,
C463,=,0,0,0,0,0,10,20,0,0,0,+,0,0,0,0,3,0,15,0,0,0,0,,
C464,=,0,0,0,0,0,10,20,0,0,0,+,0,0,0,0,3,0,15,0,0,0,0,,
C465,=,0,0,0,0,0,10,20,0,0,0,+,0,0,0,0,3,0,15,0,0,0,0,,
C466,=,0,0,0,0,0,10,20,0,0,0,+,0,0,0,0,3,0,15,0,0,0,0,,
C467,=,0,0,0,0,0,10,20,0,0,0,+,0,0,0,0,3,0,15,0,0,0,0,,
C468,=,0,0,0,0,0,10,20,0,0,0,+,0,0,0,0,3,0,15,0,0,0,0,,
C469,=,0,0,0,0,0,10,20,0,0,0,+,0,0,0,0,3,0,15,0,0,0,0,,
C470,=,120,50,2000,180,60,10,20,301,0,0,+,2,0,0,0,3,1,15,3,2,0,0,,
C471,=,0,0,0,0,0,10,20,0,0,0,+,0,0,0,0,3,0,15,0,0,0,0,,
C472,=,0,0,0,0,0,10,20,0,0,0,+,0,0,0,0,3,0,15,0,0,0,0,,
C473,=,0,0,0,0,0,10,20,0,0,0,+,0,0,0,0,3,0,15,0,0,0,0,,
C474,=,0,0,0,0,0,10,20,0,0,0,+,0,0,0,0,3,0,15,0,0,0,0,,
C475,=,0,0,0,0,0,10,20,0,0,0,+,0,0,0,0,3,0,15,0,0,0,0,,
C476,=,0,0,0,0,0,10,20,0,0,0,+,0,0,0,0,3,0,15,0,0,0,0,,
C477,=,0,0,0,0,0,10,20,0,0,0,+,0,0,0,0,3,0,15,0,0,0,0,,
C478,=,0,0,0,0,0,10,20,0,0,0,+,0,0,0,0,3,0,15,0,0,0,0,,
C479,=,0,0,0,0,0,10,20,0,0,0,+,0,0,0,0,3,0,15,0,0,0,0,,
C480,=,120,50,2000,290,60,10,20,301,0,0,+,2,0,0,0,3,1,15,3,2,0,0,,
C481,=,0,0,0,0,0,10,20,0,0,0,+,0,0,0,0,3,0,15,0,0,0,0,,
C482,=,0,0,0,0,0,10,20,0,0,0,+,0,0,0,0,3,0,15,0,0,0,0,,
C483,=,0,0,0,0,0,10,20,0,0,0,+,0,0,0,0,3,0,15,0,0,0,0,,
C484,=,0,0,0,0,0,10,20,0,0,0,+,0,0,0,0,3,0,15,0,0,0,0,,
C485,=,0,0,0,0,0,10,20,0,0,0,+,0,0,0,0,3,0,15,0,0,0,0,,
C486,=,0,0,0,0,0,10,20,0,0,0,+,0,0,0,0,3,0,15,0,0,0,0,,
C487,=,0,0,0,0,0,10,20,0,0,0,+,0,0,0,0,3,0,15,0,0,0,0,,
C488,=,0,0,0,0,0,10,20,0,0,0,+,0,0,0,0,3,0,15,0,0,0,0,,
C489,=,0,0,0,0,0,10,20,0,0,0,+,0,0,0,0,3,0,15,0,0,0,0,,
C490,=,120,50,2000,310,60,10,20,301,0,0,+,2,0,0,0,3,1,15,3,2,0,0,,
C491,=,0,0,0,0,0,10,20,0,0,0,+,0,0,0,0,3,0,15,0,0,0,0,,
C492,=,0,0,0,0,0,10,20,0,0,0,+,0,0,0,0,3,0,15,0,0,0,0,,
C493,=,0,0,0,0,0,10,20,0,0,0,+,0,0,0,0,3,0,15,0,0,0,0,,
C494,=,0,0,0,0,0,10,20,0,0,0,+,0,0,0,0,3,0,15,0,0,0,0,,
C495,=,0,0,0,0,0,10,20,0,0,0,+,0,0,0,0,3,0,15,0,0,0,0,,
C496,=,0,0,0,0,0,10,20,0,0,0,+,0,0,0,0,3,0,15,0,0,0,0,,
C497,=,0,0,0,0,0,10,20,0,0,0,+,0,0,0,0,3,0,15,0,0,0,0,,
C498,=,0,0,0,0,0,10,20,0,0,0,+,0,0,0,0,3,0,15,0,0,0,0,,
C499,=,0,0,0,0,0,10,20,0,0,0,+,0,0,0,0,3,0,15,0,0,0,0,,
C500,=,18,50,1,15,60,10,20,301,0,0,+,2,0,10,0,73,1,15,3,2,0,0,,
C501,=,20,50,1,15,70,10,20,0,0,0,+,2,0,0,0,73,1,15,3,0,0,0,,
C502,=,20,50,1,15,80,10,20,0,0,0,+,2,0,0,0,73,1,15,3,0,0,0,,
C503,=,0,0,0,0,0,10,20,0,0,0,+,0,0,0,0,3,0,15,0,0,0,0,,
C504,=,6,50,0,5,70,10,20,0,0,0,+,2,0,10,0,73,1,15,1,0,1000,0,,
C505,=,10,50,0,10,60,10,20,0,0,0,+,2,0,10,0,73,1,15,1,0,0,0,,
C506,=,0,0,0,0,0,10,20,0,0,0,+,0,0,0,0,3,0,15,0,0,0,0,,
C507,=,0,0,0,0,0,10,20,0,0,0,+,0,0,0,0,3,0,15,0,0,0,0,,
C508,=,0,0,0,0,0,10,20,0,0,0,+,0,0,0,0,3,0,15,0,0,0,0,,
C509,=,0,0,0,0,0,10,20,0,0,0,+,0,0,0,0,3,0,15,0,0,0,0,,
C510,=,18,50,1,25,60,10,20,301,0,0,+,2,0,10,0,73,1,15,3,2,0,0,,
C511,=,30,50,0,25,70,10,20,0,0,0,+,2,0,0,0,73,1,15,3,0,0,0,,
C512,=,30,50,0,25,80,10,20,0,0,0,+,2,0,0,0,73,1,15,3,0,0,0,,
C513,=,0,0,0,0,0,10,20,0,0,0,+,0,0,0,0,3,0,15,0,0,0,0,,
C514,=,0,0,0,0,0,10,20,0,0,0,+,0,0,0,0,3,0,15,0,0,0,0,,
C515,=,14,50,0,20,60,10,20,0,0,0,+,2,0,10,0,73,1,15,1,0,0,0,,
C516,=,0,0,0,0,0,10,20,0,0,0,+,0,0,0,0,3,0,15,0,0,0,0,,
C517,=,0,0,0,0,0,10,20,0,0,0,+,0,0,0,0,3,0,15,0,0,0,0,,
C518,=,0,0,0,0,0,10,20,0,0,0,+,0,0,0,0,3,0,15,0,0,0,0,,
C519,=,0,0,0,0,0,10,20,0,0,0,+,0,0,0,0,3,0,15,0,0,0,0,,
C520,=,30,50,1,35,60,10,20,301,0,0,+,2,0,10,0,73,1,15,3,2,0,0,,
C521,=,30,50,0,40,70,10,20,0,0,0,+,2,0,0,0,73,1,15,3,0,0,0,,
C522,=,30,50,0,40,80,10,20,0,0,0,+,2,0,0,0,73,1,15,3,0,0,0,,
C523,=,0,50,0,0,0,10,20,0,0,0,+,0,0,0,0,3,0,15,0,0,0,0,,
C524,=,0,50,0,0,0,10,20,0,0,0,+,0,0,0,0,3,0,15,0,0,0,0,,
C525,=,18,50,0,30,60,10,20,0,0,0,+,2,0,10,0,73,1,15,1,0,0,0,,
C526,=,0,0,0,0,0,10,20,0,0,0,+,0,0,0,0,3,0,15,0,0,0,0,,
C527,=,0,0,0,0,0,10,20,0,0,0,+,0,0,0,0,3,0,15,0,0,0,0,,
C528,=,0,0,0,0,0,10,20,0,0,0,+,0,0,0,0,3,0,15,0,0,0,0,,
C529,=,0,0,0,0,0,10,20,0,0,0,+,0,0,0,0,3,0,15,0,0,0,0,,
C530,=,40,50,1,55,60,10,20,301,0,0,+,2,0,10,0,73,1,15,3,2,0,0,,
C531,=,50,50,0,60,70,10,20,0,0,0,+,2,0,0,0,73,1,15,3,0,0,0,,
C532,=,50,50,0,60,80,10,20,0,0,0,+,2,0,0,0,73,1,15,1,0,0,0,,
C533,=,0,0,0,0,0,10,20,0,0,0,+,0,0,0,0,3,0,15,0,0,0,0,,
C534,=,0,0,0,0,0,10,20,0,0,0,+,0,0,0,0,3,0,15,0,0,0,0,,
C535,=,20,50,0,40,60,10,20,0,0,0,+,2,0,10,0,73,1,15,1,0,0,0,,
C536,=,0,0,0,0,0,10,20,0,0,0,+,0,0,0,0,3,0,15,0,0,0,0,,
C537,=,0,0,0,0,0,10,20,0,0,0,+,0,0,0,0,3,0,15,0,0,0,0,,
C538,=,0,0,0,0,0,10,20,0,0,0,+,0,0,0,0,3,0,15,0,0,0,0,,
C539,=,0,0,0,0,0,10,20,0,0,0,+,0,0,0,0,3,0,15,0,0,0,0,,
C540,=,40,50,1,55,60,10,20,301,0,0,+,2,0,10,0,73,1,15,3,2,0,0,,
C541,=,60,50,1,90,70,10,20,0,0,0,+,2,0,0,0,73,1,15,1,0,0,0,,
C542,=,60,50,1,90,80,10,20,0,0,0,+,2,0,0,0,73,1,15,1,0,0,0,,
C543,=,0,0,0,0,0,10,20,0,0,0,+,0,0,0,0,3,0,15,0,0,0,0,,
C544,=,0,0,0,0,0,10,20,0,0,0,+,0,0,0,0,3,0,15,0,0,0,0,,
C545,=,40,50,0,50,60,10,20,0,0,0,+,2,0,10,0,73,1,15,1,0,0,0,,
C546,=,0,0,0,0,0,10,20,0,0,0,+,0,0,0,0,3,0,15,0,0,0,0,,
C547,=,0,0,0,0,0,10,20,0,0,0,+,0,0,0,0,3,0,15,0,0,0,0,,
C548,=,0,0,0,0,0,10,20,0,0,0,+,0,0,0,0,3,0,15,0,0,0,0,,
C549,=,0,0,0,0,0,10,20,0,0,0,+,0,0,0,0,3,0,15,0,0,0,0,,
C550,=,150,50,2,75,60,10,20,301,0,0,+,2,0,10,0,73,1,15,3,2,0,0,,
C551,=,70,50,0,120,60,10,20,0,0,0,+,2,0,0,0,73,1,15,1,0,0,0,,
C552,=,70,50,0,120,70,10,20,0,0,0,+,2,0,0,0,73,1,15,1,0,0,0,,
C553,=,0,0,0,0,0,10,20,0,0,0,+,0,0,0,0,3,0,15,0,0,0,0,,
C554,=,0,0,0,0,0,10,20,0,0,0,+,0,0,0,0,3,0,15,0,0,0,0,,
C555,=,60,50,1,100,60,10,20,0,0,0,+,2,0,10,0,3,1,15,1,0,0,0,,
C556,=,0,0,0,0,0,10,20,0,0,0,+,0,0,0,0,3,0,15,0,0,0,0,,
C557,=,0,0,0,0,0,10,20,0,0,0,+,0,0,0,0,3,0,15,0,0,0,0,,
C558,=,0,0,0,0,0,10,20,0,0,0,+,0,0,0,0,3,0,15,0,0,0,0,,
C559,=,0,0,0,0,0,10,20,0,0,0,+,0,0,0,0,3,0,15,0,0,0,0,,
C560,=,180,50,2,120,60,10,20,301,0,0,+,2,0,0,0,3,1,15,3,2,0,0,,
C561,=,100,50,0,160,45,10,20,0,0,0,+,2,0,0,0,3,1,15,1,0,0,0,,
C562,=,100,50,0,160,60,10,20,0,0,0,+,2,0,0,0,3,1,15,1,0,0,0,,
C563,=,0,0,0,0,0,10,20,0,0,0,+,0,0,0,0,3,0,15,0,0,0,0,,
C564,=,0,0,0,0,0,10,20,0,0,0,+,0,0,0,0,3,0,15,0,0,0,0,,
C565,=,80,50,0,150,60,10,20,0,0,0,+,2,0,10,0,3,1,15,1,0,0,0,,
C566,=,0,0,0,0,0,10,20,0,0,0,+,0,0,0,0,3,0,15,0,0,0,0,,
C567,=,0,0,0,0,0,10,20,0,0,0,+,0,0,0,0,3,0,15,0,0,0,0,,
C568,=,0,0,0,0,0,10,20,0,0,0,+,0,0,0,0,3,0,15,0,0,0,0,,
C569,=,0,0,0,0,0,10,20,0,0,0,+,0,0,0,0,3,0,15,0,0,0,0,,
C570,=,180,50,2,180,60,10,20,301,0,0,+,2,0,0,0,3,1,15,3,2,0,0,,
C571,=,120,50,2,210,45,10,20,0,0,0,+,2,0,0,0,3,1,15,1,0,0,0,,
C572,=,120,50,4,210,60,10,20,0,0,0,+,2,0,0,0,3,1,15,1,0,0,0,,
C573,=,0,0,0,0,0,10,20,0,0,0,+,0,0,0,0,3,0,15,0,0,0,0,,
C574,=,0,0,0,0,0,10,20,0,0,0,+,0,0,0,0,3,0,15,0,0,0,0,,
C575,=,90,50,0,200,60,10,20,0,0,0,+,2,0,10,0,3,1,15,1,0,0,0,,
C576,=,0,0,0,0,0,10,20,0,0,0,+,0,0,0,0,3,0,15,0,0,0,0,,
C577,=,0,0,0,0,0,10,20,0,0,0,+,0,0,0,0,3,0,15,0,0,0,0,,
C578,=,0,0,0,0,0,10,20,0,0,0,+,0,0,0,0,3,0,15,0,0,0,0,,
C579,=,0,0,0,0,0,10,20,0,0,0,+,0,0,0,0,3,0,15,0,0,0,0,,
C580,=,180,50,2,290,60,10,20,301,0,0,+,2,0,0,0,3,1,15,3,0,0,0,,
C581,=,150,50,4,260,35,10,20,0,0,0,+,2,0,0,0,3,1,15,1,0,0,0,,
C582,=,150,50,0,260,45,10,20,0,0,0,+,2,0,0,0,3,1,15,1,0,0,0,,
C583,=,0,0,0,0,0,10,20,0,0,0,+,0,0,0,0,3,0,15,0,0,0,0,,
C584,=,0,0,0,0,0,10,20,0,0,0,+,0,0,0,0,3,0,15,0,0,0,0,,
C585,=,0,0,0,0,0,10,20,0,0,0,+,0,0,0,0,3,0,15,0,0,0,0,,
C586,=,0,0,0,0,0,10,20,0,0,0,+,0,0,0,0,3,0,15,0,0,0,0,,
C587,=,0,0,0,0,0,10,20,0,0,0,+,0,0,0,0,3,0,15,0,0,0,0,,
C588,=,0,0,0,0,0,10,20,0,0,0,+,0,0,0,0,3,0,15,0,0,0,0,,
C589,=,0,0,0,0,0,10,20,0,0,0,+,0,0,0,0,3,0,15,0,0,0,0,,
C590,=,150,50,2,310,60,10,20,0,0,0,+,2,0,0,0,3,1,15,1,0,0,0,,
C591,=,180,50,0,310,25,10,20,0,0,0,+,2,0,0,0,3,1,15,1,0,0,0,,
C592,=,180,50,0,310,35,10,20,0,0,0,+,2,0,0,0,3,1,15,1,0,0,0,,
C593,=,0,0,0,0,0,10,20,0,0,0,+,0,0,0,0,3,0,15,0,0,0,0,,
C594,=,0,0,0,0,0,10,20,0,0,0,+,0,0,0,0,3,0,15,0,0,0,0,,
C595,=,0,0,0,0,0,10,20,0,0,0,+,0,0,0,0,3,0,15,0,0,0,0,,
C596,=,0,0,0,0,0,10,20,0,0,0,+,0,0,0,0,3,0,15,0,0,0,0,,
C597,=,0,0,0,0,0,10,20,0,0,0,+,0,0,0,0,3,0,15,0,0,0,0,,
C598,=,0,0,0,0,0,10,20,0,0,0,+,0,0,0,0,3,0,15,0,0,0,0,,
C599,=,0,0,0,0,0,10,20,0,0,0,+,0,0,0,0,3,0,15,0,0,0,0,,
C600,=,2,3,1,15,35,10,20,0,0,0,-,2,32,10,4,3,1,15,1,0,1000,0,,
C601,=,220,60,2,400,25,10,20,0,0,0,+,2,0,0,0,3,1,15,1,0,0,0,,
C602,=,220,70,2,400,35,10,20,0,0,0,+,2,0,0,0,3,1,15,1,0,0,0,,
C603,=,0,0,0,0,0,10,20,0,0,0,+,0,0,0,0,3,0,15,0,0,0,0,,
C604,=,0,0,0,0,0,10,20,0,0,0,+,0,0,0,0,3,0,15,0,0,0,0,,
C605,=,0,0,0,0,0,10,20,0,0,0,+,0,0,0,0,3,0,15,0,0,0,0,,
C606,=,0,0,0,0,0,10,20,0,0,0,+,0,0,0,0,3,0,15,0,0,0,0,,
C607,=,0,0,0,0,0,10,20,0,0,0,+,0,0,0,0,3,0,15,0,0,0,0,,
C608,=,0,0,0,0,0,10,20,0,0,0,+,0,0,0,0,3,0,15,0,0,0,0,,
C609,=,0,0,0,0,0,10,20,0,0,0,+,0,0,0,0,3,0,15,0,0,0,0,,
C610,=,4,3,1,25,35,10,20,0,0,0,-,2,31,10,5,3,1,15,1,0,1000,0,,
C611,=,240,16,3,500,25,10,20,0,0,0,+,2,0,0,0,3,1,15,1,0,0,0,,
C612,=,240,25,2,500,35,10,20,0,0,0,+,2,0,0,0,3,1,15,1,0,0,0,,
C613,=,0,0,0,0,0,10,20,0,0,0,+,0,0,0,0,3,0,15,0,0,0,0,,
C614,=,0,0,0,0,0,10,20,0,0,0,+,0,0,0,0,3,0,15,0,0,0,0,,
C615,=,0,0,0,0,0,10,20,0,0,0,+,0,0,0,0,3,0,15,0,0,0,0,,
C616,=,0,0,0,0,0,10,20,0,0,0,+,0,0,0,0,3,0,15,0,0,0,0,,
C617,=,0,0,0,0,0,10,20,0,0,0,+,0,0,0,0,3,0,15,0,0,0,0,,
C618,=,0,0,0,0,0,10,20,0,0,0,+,0,0,0,0,3,0,15,0,0,0,0,,
C619,=,0,0,0,0,0,10,20,0,0,0,+,0,0,0,0,3,0,15,0,0,0,0,,
C620,=,4,3,1,55,35,10,20,0,0,0,-,2,31,10,5,3,1,15,1,0,1000,0,,
C621,=,260,70,2,630,25,10,20,0,0,0,+,2,0,0,0,3,1,15,1,0,0,0,,
C622,=,260,80,2,630,35,10,20,0,0,0,+,2,0,0,0,3,1,15,1,0,0,0,,
C623,=,0,0,0,0,0,10,20,0,0,0,+,0,0,0,0,3,0,15,0,0,0,0,,
C624,=,0,0,0,0,0,10,20,0,0,0,+,0,0,0,0,3,0,15,0,0,0,0,,
C625,=,0,0,0,0,0,10,20,0,0,0,+,0,0,0,0,3,0,15,0,0,0,0,,
C626,=,0,0,0,0,0,10,20,0,0,0,+,0,0,0,0,3,0,15,0,0,0,0,,
C627,=,0,0,0,0,0,10,20,0,0,0,+,0,0,0,0,3,0,15,0,0,0,0,,
C628,=,0,0,0,0,0,10,20,0,0,0,+,0,0,0,0,3,0,15,0,0,0,0,,
C629,=,0,0,0,0,0,10,20,0,0,0,+,0,0,0,0,3,0,15,0,0,0,0,,
C630,=,4,4,1,120,35,10,20,0,0,0,-,2,31,10,5,3,1,15,1,0,1000,0,,
C631,=,300,12,5,800,25,10,20,0,0,0,+,2,0,0,0,3,1,15,1,0,0,0,,
C632,=,300,90,0,800,35,10,20,0,0,0,+,2,0,0,0,3,1,15,1,0,0,0,,
C633,=,0,0,0,0,0,10,20,0,0,0,+,0,0,0,0,3,0,15,0,0,0,0,,
C634,=,0,0,0,0,0,10,20,0,0,0,+,0,0,0,0,3,0,15,0,0,0,0,,
C635,=,0,0,0,0,0,10,20,0,0,0,+,0,0,0,0,3,0,15,0,0,0,0,,
C636,=,0,0,0,0,0,10,20,0,0,0,+,0,0,0,0,3,0,15,0,0,0,0,,
C637,=,0,0,0,0,0,10,20,0,0,0,+,0,0,0,0,3,0,15,0,0,0,0,,
C638,=,0,0,0,0,0,10,20,0,0,0,+,0,0,0,0,3,0,15,0,0,0,0,,
C639,=,0,0,0,0,0,10,20,0,0,0,+,0,0,0,0,3,0,15,0,0,0,0,,
C640,=,4,4,1,180,35,10,20,0,0,0,-,2,31,10,6,3,1,15,1,0,1000,0,,
C641,=,0,0,0,0,0,10,20,0,0,0,+,0,0,0,0,3,0,15,0,0,0,0,,
C642,=,0,0,0,0,0,10,20,0,0,0,+,0,0,0,0,3,0,15,0,0,0,0,,
C643,=,0,0,0,0,0,10,20,0,0,0,+,0,0,0,0,3,0,15,0,0,0,0,,
C644,=,0,0,0,0,0,10,20,0,0,0,+,0,0,0,0,3,0,15,0,0,0,0,,
C645,=,0,0,0,0,0,10,20,0,0,0,+,0,0,0,0,3,0,15,0,0,0,0,,
C646,=,0,0,0,0,0,10,20,0,0,0,+,0,0,0,0,3,0,15,0,0,0,0,,
C647,=,0,0,0,0,0,10,20,0,0,0,+,0,0,0,0,3,0,15,0,0,0,0,,
C648,=,0,0,0,0,0,10,20,0,0,0,+,0,0,0,0,3,0,15,0,0,0,0,,
C649,=,0,0,0,0,0,10,20,0,0,0,+,0,0,0,0,3,0,15,0,0,0,0,,
C650,=,6,4,1,180,35,10,20,0,0,0,-,2,31,10,6,3,1,15,1,0,1000,0,,
C651,=,0,0,0,0,0,10,20,0,0,0,+,0,0,0,0,3,0,15,0,0,0,0,,
C652,=,0,0,0,0,0,10,20,0,0,0,+,0,0,0,0,3,0,15,0,0,0,0,,
C653,=,0,0,0,0,0,10,20,0,0,0,+,0,0,0,0,3,0,15,0,0,0,0,,
C654,=,0,0,0,0,0,10,20,0,0,0,+,0,0,0,0,3,0,15,0,0,0,0,,
C655,=,0,0,0,0,0,10,20,0,0,0,+,0,0,0,0,3,0,15,0,0,0,0,,
C656,=,0,0,0,0,0,10,20,0,0,0,+,0,0,0,0,3,0,15,0,0,0,0,,
C657,=,0,0,0,0,0,10,20,0,0,0,+,0,0,0,0,3,0,15,0,0,0,0,,
C658,=,0,0,0,0,0,10,20,0,0,0,+,0,0,0,0,3,0,15,0,0,0,0,,
C659,=,0,0,0,0,0,10,20,0,0,0,+,0,0,0,0,3,0,15,0,0,0,0,,
C660,=,12,7,1,180,35,10,20,0,0,0,-,2,31,10,6,3,1,15,1,0,1000,0,,
C661,=,0,0,0,0,0,10,20,0,0,0,+,0,0,0,0,3,0,15,0,0,0,0,,
C662,=,0,0,0,0,0,10,20,0,0,0,+,0,0,0,0,3,0,15,0,0,0,0,,
C663,=,0,0,0,0,0,10,20,0,0,0,+,0,0,0,0,3,0,15,0,0,0,0,,
C664,=,0,0,0,0,0,10,20,0,0,0,+,0,0,0,0,3,0,15,0,0,0,0,,
C665,=,0,0,0,0,0,10,20,0,0,0,+,0,0,0,0,3,0,15,0,0,0,0,,
C666,=,0,0,0,0,0,10,20,0,0,0,+,0,0,0,0,3,0,15,0,0,0,0,,
C667,=,0,0,0,0,0,10,20,0,0,0,+,0,0,0,0,3,0,15,0,0,0,0,,
C668,=,0,0,0,0,0,10,20,0,0,0,+,0,0,0,0,3,0,15,0,0,0,0,,
C669,=,0,0,0,0,0,10,20,0,0,0,+,0,0,0,0,3,0,15,0,0,0,0,,
C670,=,20,7,1,180,35,10,20,0,0,0,-,2,31,10,7,3,1,15,1,0,1000,0,,
C671,=,0,0,0,0,0,10,20,0,0,0,+,0,0,0,0,3,0,15,0,0,0,0,,
C672,=,0,0,0,0,0,10,20,0,0,0,+,0,0,0,0,3,0,15,0,0,0,0,,
C673,=,0,0,0,0,0,10,20,0,0,0,+,0,0,0,0,3,0,15,0,0,0,0,,
C674,=,0,0,0,0,0,10,20,0,0,0,+,0,0,0,0,3,0,15,0,0,0,0,,
C675,=,0,0,0,0,0,10,20,0,0,0,+,0,0,0,0,3,0,15,0,0,0,0,,
C676,=,0,0,0,0,0,10,20,0,0,0,+,0,0,0,0,3,0,15,0,0,0,0,,
C677,=,0,0,0,0,0,10,20,0,0,0,+,0,0,0,0,3,0,15,0,0,0,0,,
C678,=,0,0,0,0,0,10,20,0,0,0,+,0,0,0,0,3,0,15,0,0,0,0,,
C679,=,0,0,0,0,0,10,20,0,0,0,+,0,0,0,0,3,0,15,0,0,0,0,,
C680,=,20,7,1,290,35,10,20,0,0,0,-,2,31,10,7,3,1,15,1,0,1000,0,,
C681,=,0,0,0,0,0,10,20,0,0,0,+,0,0,0,0,3,0,15,0,0,0,0,,
C682,=,0,0,0,0,0,10,20,0,0,0,+,0,0,0,0,3,0,15,0,0,0,0,,
C683,=,0,0,0,0,0,10,20,0,0,0,+,0,0,0,0,3,0,15,0,0,0,0,,
C684,=,0,0,0,0,0,10,20,0,0,0,+,0,0,0,0,3,0,15,0,0,0,0,,
C685,=,0,0,0,0,0,10,20,0,0,0,+,0,0,0,0,3,0,15,0,0,0,0,,
C686,=,0,0,0,0,0,10,20,0,0,0,+,0,0,0,0,3,0,15,0,0,0,0,,
C687,=,0,0,0,0,0,10,20,0,0,0,+,0,0,0,0,3,0,15,0,0,0,0,,
C688,=,0,0,0,0,0,10,20,0,0,0,+,0,0,0,0,3,0,15,0,0,0,0,,
C689,=,0,0,0,0,0,10,20,0,0,0,+,0,0,0,0,3,0,15,0,0,0,0,,
C690,=,30,8,1,310,35,10,20,0,0,0,-,2,31,10,8,3,1,15,1,0,1000,0,,
C691,=,0,0,0,0,0,10,20,0,0,0,+,0,0,0,0,3,0,15,0,0,0,0,,
C692,=,0,0,0,0,0,10,20,0,0,0,+,0,0,0,0,3,0,15,0,0,0,0,,
C693,=,0,0,0,0,0,10,20,0,0,0,+,0,0,0,0,3,0,15,0,0,0,0,,
C694,=,0,0,0,0,0,10,20,0,0,0,+,0,0,0,0,3,0,15,0,0,0,0,,
C695,=,0,0,0,0,0,10,20,0,0,0,+,0,0,0,0,3,0,15,0,0,0,0,,
C696,=,0,0,0,0,0,10,20,0,0,0,+,0,0,0,0,3,0,15,0,0,0,0,,
C697,=,0,0,0,0,0,10,20,0,0,0,+,0,0,0,0,3,0,15,0,0,0,0,,
C698,=,0,0,0,0,0,10,20,0,0,0,+,0,0,0,0,3,0,15,0,0,0,0,,
C699,=,0,0,0,0,0,10,20,0,0,0,+,0,0,0,0,3,0,15,0,0,0,0,,
C700,=,2,4,0,15,35,10,20,0,0,0,-,2,0,10,1,3,1,15,1,0,1000,0,,
C701,=,0,0,0,0,0,10,20,0,0,0,+,0,0,0,0,3,0,15,0,0,0,0,,
C702,=,0,0,0,0,0,10,20,0,0,0,+,0,0,0,0,3,0,15,0,0,0,0,,
C703,=,0,0,0,0,0,10,20,0,0,0,+,0,0,0,0,3,0,15,0,0,0,0,,
C704,=,0,0,0,0,0,10,20,0,0,0,+,0,0,0,0,3,0,15,0,0,0,0,,
C705,=,0,0,0,0,0,10,20,0,0,0,+,0,0,0,0,3,0,15,0,0,0,0,,
C706,=,0,0,0,0,0,10,20,0,0,0,+,0,0,0,0,3,0,15,0,0,0,0,,
C707,=,0,0,0,0,0,10,20,0,0,0,+,0,0,0,0,3,0,15,0,0,0,0,,
C708,=,0,0,0,0,0,10,20,0,0,0,+,0,0,0,0,3,0,15,0,0,0,0,,
C709,=,0,0,0,0,0,10,20,0,0,0,+,0,0,0,0,3,0,15,0,0,0,0,,
C710,=,2,4,0,25,35,10,20,0,0,0,-,2,0,10,2,3,1,15,1,0,1000,0,,
C711,=,0,0,0,0,0,10,20,0,0,0,+,0,0,0,0,3,0,15,0,0,0,0,,
C712,=,0,0,0,0,0,10,20,0,0,0,+,0,0,0,0,3,0,15,0,0,0,0,,
C713,=,0,0,0,0,0,10,20,0,0,0,+,0,0,0,0,3,0,15,0,0,0,0,,
C714,=,0,0,0,0,0,10,20,0,0,0,+,0,0,0,0,3,0,15,0,0,0,0,,
C715,=,0,0,0,0,0,10,20,0,0,0,+,0,0,0,0,3,0,15,0,0,0,0,,
C716,=,0,0,0,0,0,10,20,0,0,0,+,0,0,0,0,3,0,15,0,0,0,0,,
C717,=,0,0,0,0,0,10,20,0,0,0,+,0,0,0,0,3,0,15,0,0,0,0,,
C718,=,0,0,0,0,0,10,20,0,0,0,+,0,0,0,0,3,0,15,0,0,0,0,,
C719,=,0,0,0,0,0,10,20,0,0,0,+,0,0,0,0,3,0,15,0,0,0,0,,
C720,=,4,4,0,35,35,10,20,0,0,0,-,2,0,10,3,3,1,15,1,0,1000,0,,
C721,=,0,0,0,0,0,10,20,0,0,0,+,0,0,0,0,3,0,15,0,0,0,0,,
C722,=,0,0,0,0,0,10,20,0,0,0,+,0,0,0,0,3,0,15,0,0,0,0,,
C723,=,0,0,0,0,0,10,20,0,0,0,+,0,0,0,0,3,0,15,0,0,0,0,,
C724,=,0,0,0,0,0,10,20,0,0,0,+,0,0,0,0,3,0,15,0,0,0,0,,
C725,=,0,0,0,0,0,10,20,0,0,0,+,0,0,0,0,3,0,15,0,0,0,0,,
C726,=,0,0,0,0,0,10,20,0,0,0,+,0,0,0,0,3,0,15,0,0,0,0,,
C727,=,0,0,0,0,0,10,20,0,0,0,+,0,0,0,0,3,0,15,0,0,0,0,,
C728,=,0,0,0,0,0,10,20,0,0,0,+,0,0,0,0,3,0,15,0,0,0,0,,
C729,=,0,0,0,0,0,10,20,0,0,0,+,0,0,0,0,3,0,15,0,0,0,0,,
C730,=,4,4,0,55,35,10,20,0,0,0,-,2,0,10,4,3,1,15,1,0,1000,0,,
C731,=,0,0,0,0,0,10,20,0,0,0,+,0,0,0,0,3,0,15,0,0,0,0,,
C732,=,0,0,0,0,0,10,20,0,0,0,+,0,0,0,0,3,0,15,0,0,0,0,,
C733,=,0,0,0,0,0,10,20,0,0,0,+,0,0,0,0,3,0,15,0,0,0,0,,
C734,=,0,0,0,0,0,10,20,0,0,0,+,0,0,0,0,3,0,15,0,0,0,0,,
C735,=,0,0,0,0,0,10,20,0,0,0,+,0,0,0,0,3,0,15,0,0,0,0,,
C736,=,0,0,0,0,0,10,20,0,0,0,+,0,0,0,0,3,0,15,0,0,0,0,,
C737,=,0,0,0,0,0,10,20,0,0,0,+,0,0,0,0,3,0,15,0,0,0,0,,
C738,=,0,0,0,0,0,10,20,0,0,0,+,0,0,0,0,3,0,15,0,0,0,0,,
C739,=,0,0,0,0,0,10,20,0,0,0,+,0,0,0,0,3,0,15,0,0,0,0,,
C740,=,6,4,1,75,35,10,20,0,0,0,-,2,0,10,5,3,1,15,1,0,1000,0,,
C741,=,0,0,0,0,0,10,20,0,0,0,+,0,0,0,0,3,0,15,0,0,0,0,,
C742,=,0,0,0,0,0,10,20,0,0,0,+,0,0,0,0,3,0,15,0,0,0,0,,
C743,=,0,0,0,0,0,10,20,0,0,0,+,0,0,0,0,3,0,15,0,0,0,0,,
C744,=,0,0,0,0,0,10,20,0,0,0,+,0,0,0,0,3,0,15,0,0,0,0,,
C745,=,0,0,0,0,0,10,20,0,0,0,+,0,0,0,0,3,0,15,0,0,0,0,,
C746,=,0,0,0,0,0,10,20,0,0,0,+,0,0,0,0,3,0,15,0,0,0,0,,
C747,=,0,0,0,0,0,10,20,0,0,0,+,0,0,0,0,3,0,15,0,0,0,0,,
C748,=,0,0,0,0,0,10,20,0,0,0,+,0,0,0,0,3,0,15,0,0,0,0,,
C749,=,0,0,0,0,0,10,20,0,0,0,+,0,0,0,0,3,0,15,0,0,0,0,,
C750,=,6,4,1,120,35,10,20,0,0,0,-,2,0,10,6,3,1,15,1,0,1000,0,,
C751,=,0,0,0,0,0,10,20,0,0,0,+,0,0,0,0,3,0,15,0,0,0,0,,
C752,=,0,0,0,0,0,10,20,0,0,0,+,0,0,0,0,3,0,15,0,0,0,0,,
C753,=,0,0,0,0,0,10,20,0,0,0,+,0,0,0,0,3,0,15,0,0,0,0,,
C754,=,0,0,0,0,0,10,20,0,0,0,+,0,0,0,0,3,0,15,0,0,0,0,,
C755,=,0,0,0,0,0,10,20,0,0,0,+,0,0,0,0,3,0,15,0,0,0,0,,
C756,=,0,0,0,0,0,10,20,0,0,0,+,0,0,0,0,3,0,15,0,0,0,0,,
C757,=,0,0,0,0,0,10,20,0,0,0,+,0,0,0,0,3,0,15,0,0,0,0,,
C758,=,0,0,0,0,0,10,20,0,0,0,+,0,0,0,0,3,0,15,0,0,0,0,,
C759,=,0,0,0,0,0,10,20,0,0,0,+,0,0,0,0,3,0,15,0,0,0,0,,
C760,=,6,4,1,150,35,10,20,0,0,0,-,2,0,10,7,3,1,15,1,0,1000,0,,
C761,=,0,0,0,0,0,10,20,0,0,0,+,0,0,0,0,3,0,15,0,0,0,0,,
C762,=,0,0,0,0,0,10,20,0,0,0,+,0,0,0,0,3,0,15,0,0,0,0,,
C763,=,0,0,0,0,0,10,20,0,0,0,+,0,0,0,0,3,0,15,0,0,0,0,,
C764,=,0,0,0,0,0,10,20,0,0,0,+,0,0,0,0,3,0,15,0,0,0,0,,
C765,=,0,0,0,0,0,10,20,0,0,0,+,0,0,0,0,3,0,15,0,0,0,0,,
C766,=,0,0,0,0,0,10,20,0,0,0,+,0,0,0,0,3,0,15,0,0,0,0,,
C767,=,0,0,0,0,0,10,20,0,0,0,+,0,0,0,0,3,0,15,0,0,0,0,,
C768,=,0,0,0,0,0,10,20,0,0,0,+,0,0,0,0,3,0,15,0,0,0,0,,
C769,=,0,0,0,0,0,10,20,0,0,0,+,0,0,0,0,3,0,15,0,0,0,0,,
C770,=,6,4,0,180,35,10,20,0,0,0,-,2,0,10,7,3,1,15,1,0,1000,0,,
C771,=,0,0,0,0,0,10,20,0,0,0,+,0,0,0,0,3,0,15,0,0,0,0,,
C772,=,0,0,0,0,0,10,20,0,0,0,+,0,0,0,0,3,0,15,0,0,0,0,,
C773,=,0,0,0,0,0,10,20,0,0,0,+,0,0,0,0,3,0,15,0,0,0,0,,
C774,=,0,0,0,0,0,10,20,0,0,0,+,0,0,0,0,3,0,15,0,0,0,0,,
C775,=,0,0,0,0,0,10,20,0,0,0,+,0,0,0,0,3,0,15,0,0,0,0,,
C776,=,0,0,0,0,0,10,20,0,0,0,+,0,0,0,0,3,0,15,0,0,0,0,,
C777,=,2,3,2,5,70,10,20,0,0,0,+,1,1,10,0,3,3,15,0,0,1000,0,,
C778,=,0,0,0,0,0,10,20,0,0,0,+,0,0,0,0,3,0,15,0,0,0,0,,
C779,=,0,0,0,0,0,10,20,0,0,0,+,0,0,0,0,3,0,15,0,0,0,0,,
C780,=,8,5,1,290,35,10,20,0,0,0,-,2,0,10,8,3,1,15,1,0,1000,0,,
C781,=,0,0,0,0,0,10,20,0,0,0,+,0,0,0,0,3,0,15,0,0,0,0,,
C782,=,0,0,0,0,0,10,20,0,0,0,+,0,0,0,0,3,0,15,0,0,0,0,,
C783,=,0,0,0,0,0,10,20,0,0,0,+,0,0,0,0,3,0,15,0,0,0,0,,
C784,=,0,0,0,0,0,10,20,0,0,0,+,0,0,0,0,3,0,15,0,0,0,0,,
C785,=,0,0,0,0,0,10,20,0,0,0,+,0,0,0,0,3,0,15,0,0,0,0,,
C786,=,0,0,0,0,0,10,20,0,0,0,+,0,0,0,0,3,0,15,0,0,0,0,,
C787,=,0,0,0,0,0,10,20,0,0,0,+,0,0,0,0,3,0,15,0,0,0,0,,
C788,=,0,0,0,0,0,10,20,0,0,0,+,0,0,0,0,3,0,15,0,0,0,0,,
C789,=,0,0,0,0,0,10,20,0,0,0,+,0,0,0,0,3,0,15,0,0,0,0,,
C790,=,8,5,1,310,35,10,20,0,0,0,-,2,0,10,8,3,1,15,1,0,1000,0,,
C791,=,0,0,0,0,0,10,20,0,0,0,+,0,0,0,0,3,0,15,0,0,0,0,,
C792,=,0,0,0,0,0,10,20,0,0,0,+,0,0,0,0,3,0,15,0,0,0,0,,
C793,=,0,0,0,0,0,10,20,0,0,0,+,0,0,0,0,3,0,15,0,0,0,0,,
C794,=,0,0,0,0,0,10,20,0,0,0,+,0,0,0,0,3,0,15,0,0,0,0,,
C795,=,0,0,0,0,0,10,20,0,0,0,+,0,0,0,0,3,0,15,0,0,0,0,,
C796,=,0,0,0,0,0,10,20,0,0,0,+,0,0,0,0,3,0,15,0,0,0,0,,
C797,=,0,0,0,0,0,10,20,0,0,0,+,0,0,0,0,3,0,15,0,0,0,0,,
C798,=,0,0,0,0,0,10,20,0,0,0,+,0,0,0,0,3,0,15,0,0,0,0,,
C799,=,0,0,0,0,0,10,20,0,0,0,+,0,0,0,0,3,0,15,0,0,0,0,,
C800,=,2,3,3,0,60,10,20,0,0,0,+,1,10,20,1,83,1,30,1,0,1000,0,,
C801,=,0,6,0,3,100,10,60,10,1111,0,-,2,0,11,0,42,3,30,5,9,0,2,0.09,
C802,=,0,9,0,5,100,10,20,10,1111,0,-,2,0,11,0,42,3,30,20,9,0,2,0.14,
C803,=,0,9,1,8,120,6,30,10,1111,0,-,2,0,11,1,46,5,55,108,9,0,2,,
C804,=,0,9,0,10,115,10,20,10,1111,0,-,2,0,11,2,43,3,30,30,9,0,2,0.55,
C805,=,0,0,0,0,0,10,20,0,0,0,+,0,0,0,0,3,0,30,0,0,0,0,,
C806,=,0,0,0,0,0,10,20,0,0,0,+,0,0,0,0,3,0,30,0,0,0,0,,
C807,=,0,0,0,0,0,10,20,0,0,0,+,0,0,0,0,3,0,30,0,0,0,0,,
C808,=,0,0,0,0,0,10,20,0,0,0,+,0,0,0,0,3,0,30,0,0,0,0,,
C809,=,0,0,0,0,0,10,20,0,0,0,+,0,0,0,0,3,0,30,0,0,0,0,,
C810,=,2,3,1,5,70,10,20,0,0,0,-,1,50,20,0,83,3,30,3,33,1000,0,,
C811,=,0,0,0,0,0,10,20,0,0,0,+,0,0,0,0,3,0,30,0,0,0,0,,
C812,=,0,0,0,0,0,10,20,0,0,0,+,0,0,0,0,3,0,30,0,0,0,0,,
C813,=,0,9,0,13,110,10,10,10,1111,0,-,2,0,11,1,43,3,30,40,9,0,2,0.49,
C814,=,0,9,0,15,115,10,20,10,1111,0,-,2,0,11,3,23,3,30,30,9,0,2,0.6,
C815,=,0,0,0,0,0,10,20,0,0,0,+,0,0,0,0,3,0,30,0,0,0,0,,
C816,=,0,0,0,0,0,10,20,0,0,0,+,0,0,0,0,3,0,30,0,0,0,0,,
C817,=,0,0,0,0,0,10,20,0,0,0,+,0,0,0,0,3,0,30,0,0,0,0,,
C818,=,0,0,0,0,0,10,20,0,0,0,+,0,0,0,0,3,0,30,0,0,0,0,,
C819,=,0,0,0,0,0,10,20,0,0,0,+,0,0,0,0,3,0,30,0,0,0,0,,
C820,=,2,14,1,0,70,10,20,0,0,0,-,1,3,10,1,83,1,30,3,23,1000,0,,
C821,=,0,0,0,0,0,10,20,0,0,0,+,0,0,0,0,3,0,30,0,0,0,0,,
C822,=,0,0,0,0,0,10,20,0,0,0,+,0,0,0,0,3,0,30,0,0,0,0,,
C823,=,0,0,0,0,0,10,20,0,0,0,+,0,0,0,0,3,0,30,0,0,0,0,,
C824,=,0,0,0,0,0,10,20,0,0,0,+,0,0,0,0,3,0,30,0,0,0,0,,
C825,=,2,14,1,0,70,10,20,0,0,0,-,1,3,10,0,83,2,30,3,20,1000,0,,
C826,=,0,0,0,0,0,10,20,0,0,0,+,0,0,0,0,3,0,30,0,0,0,0,,
C827,=,0,0,0,0,0,10,20,0,0,0,+,0,0,0,0,3,0,30,0,0,0,0,,
C828,=,0,0,0,0,0,10,20,0,0,0,+,0,0,0,0,3,0,30,0,0,0,0,,
C829,=,0,0,0,0,0,10,20,0,0,0,+,0,0,0,0,3,0,30,0,0,0,0,,
C830,=,2,3,3,0,60,10,20,0,0,0,+,1,17,10,3,83,1,30,1,0,1000,0,,
C831,=,0,0,0,0,0,10,20,0,0,0,+,0,0,0,0,3,0,30,0,0,0,0,,
C832,=,0,0,0,0,0,10,20,0,0,0,+,0,0,0,0,3,0,30,0,0,0,0,,
C833,=,0,0,0,0,0,10,20,0,0,0,+,0,0,0,0,3,0,30,0,0,0,0,,
C834,=,0,0,0,0,0,10,20,0,0,0,+,0,0,0,0,3,0,30,0,0,0,0,,
C835,=,0,0,0,0,0,10,20,0,0,0,+,0,0,0,0,3,0,30,0,0,0,0,,
C836,=,0,0,0,0,0,10,20,0,0,0,+,0,0,0,0,3,0,30,0,0,0,0,,
C837,=,0,0,0,0,0,10,20,0,0,0,+,0,0,0,0,3,0,30,0,0,0,0,,
C838,=,0,0,0,0,0,10,20,0,0,0,+,0,0,0,0,3,0,30,0,0,0,0,,
C839,=,0,0,0,0,0,10,20,0,0,0,+,0,0,0,0,3,0,30,0,0,0,0,,
C840,=,4,4,3,50,60,10,20,0,0,0,+,1,12,10,4,83,1,30,1,0,1000,0,,
C841,=,0,0,0,0,0,10,20,0,0,0,+,0,0,0,0,3,0,30,0,0,0,0,,
C842,=,0,0,0,0,0,10,20,0,0,0,+,0,0,0,0,3,0,30,0,0,0,0,,
C843,=,0,0,0,0,0,10,20,0,0,0,+,0,0,0,0,3,0,30,0,0,0,0,,
C844,=,0,0,0,0,0,10,20,0,0,0,+,0,0,0,0,3,0,30,0,0,0,0,,
C845,=,0,0,0,0,0,10,20,0,0,0,+,0,0,0,0,3,0,30,0,0,0,0,,
C846,=,0,0,0,0,0,10,20,0,0,0,+,0,0,0,0,3,0,30,0,0,0,0,,
C847,=,0,0,0,0,0,10,20,0,0,0,+,0,0,0,0,3,0,30,0,0,0,0,,
C848,=,0,0,0,0,0,10,20,0,0,0,+,0,0,0,0,3,0,30,0,0,0,0,,
C849,=,0,0,0,0,0,10,20,0,0,0,+,0,0,0,0,3,0,30,0,0,0,0,,
C850,=,4,4,3,100,60,10,20,0,0,0,+,1,12,10,6,83,1,30,1,0,1000,0,,
C851,=,0,0,0,0,0,10,20,0,0,0,+,0,0,0,0,3,0,30,0,0,0,0,,
C852,=,0,0,0,0,0,10,20,0,0,0,+,0,0,0,0,3,0,30,0,0,0,0,,
C853,=,0,0,0,0,0,10,20,0,0,0,+,0,0,0,0,3,0,30,0,0,0,0,,
C854,=,0,0,0,0,0,10,20,0,0,0,+,0,0,0,0,3,0,30,0,0,0,0,,
C855,=,0,0,0,0,0,10,20,0,0,0,+,0,0,0,0,3,0,30,0,0,0,0,,
C856,=,0,0,0,0,0,10,20,0,0,0,+,0,0,0,0,3,0,30,0,0,0,0,,
C857,=,0,0,0,0,0,10,20,0,0,0,+,0,0,0,0,3,0,30,0,0,0,0,,
C858,=,0,0,0,0,0,10,20,0,0,0,+,0,0,0,0,3,0,30,0,0,0,0,,
C859,=,0,0,0,0,0,10,20,0,0,0,+,0,0,0,0,3,0,30,0,0,0,0,,
C860,=,6,4,3,150,60,10,20,0,0,0,+,1,11,10,7,83,1,30,1,0,1000,0,,
C861,=,0,0,0,0,0,10,20,0,0,0,+,0,0,0,0,3,0,30,0,0,0,0,,
C862,=,0,0,0,0,0,10,20,0,0,0,+,0,0,0,0,3,0,30,0,0,0,0,,
C863,=,0,0,0,0,0,10,20,0,0,0,+,0,0,0,0,3,0,30,0,0,0,0,,
C864,=,0,0,0,0,0,10,20,0,0,0,+,0,0,0,0,3,0,30,0,0,0,0,,
C865,=,0,0,0,0,0,10,20,0,0,0,+,0,0,0,0,3,0,30,0,0,0,0,,
C866,=,0,0,0,0,0,10,20,0,0,0,+,0,0,0,0,3,0,30,0,0,0,0,,
C867,=,0,0,0,0,0,10,20,0,0,0,+,0,0,0,0,3,0,30,0,0,0,0,,
C868,=,0,0,0,0,0,10,20,0,0,0,+,0,0,0,0,3,0,30,0,0,0,0,,
C869,=,0,0,0,0,0,10,20,0,0,0,+,0,0,0,0,3,0,30,0,0,0,0,,
C870,=,6,4,3,230,60,10,20,0,0,0,+,1,11,10,8,83,1,30,1,0,1000,0,,
C871,=,0,0,0,0,0,10,20,0,0,0,+,0,0,0,0,3,0,30,0,0,0,0,,
C872,=,0,0,0,0,0,10,20,0,0,0,+,0,0,0,0,3,0,30,0,0,0,0,,
C873,=,0,0,0,0,0,10,20,0,0,0,+,0,0,0,0,3,0,30,0,0,0,0,,
C874,=,0,0,0,0,0,10,20,0,0,0,+,0,0,0,0,3,0,30,0,0,0,0,,
C875,=,0,0,0,0,0,10,20,0,0,0,+,0,0,0,0,3,0,30,0,0,0,0,,
C876,=,0,0,0,0,0,10,20,0,0,0,+,0,0,0,0,3,0,30,0,0,0,0,,
C877,=,0,0,0,0,0,10,20,0,0,0,+,0,0,0,0,3,0,30,0,0,0,0,,
C878,=,0,0,0,0,0,10,20,0,0,0,+,0,0,0,0,3,0,30,0,0,0,0,,
C879,=,0,0,0,0,0,10,20,0,0,0,+,0,0,0,0,3,0,30,0,0,0,0,,
C880,=,6,4,3,310,60,10,20,0,0,0,+,1,11,10,9,83,1,30,1,0,1000,0,,
C881,=,0,0,0,0,0,10,20,0,0,0,+,0,0,0,0,3,0,30,0,0,0,0,,
C882,=,0,0,0,0,0,10,20,0,0,0,+,0,0,0,0,3,0,30,0,0,0,0,,
C883,=,0,0,0,0,0,10,20,0,0,0,+,0,0,0,0,3,0,30,0,0,0,0,,
C884,=,0,0,0,0,0,10,20,0,0,0,+,0,0,0,0,3,0,30,0,0,0,0,,
C885,=,0,0,0,0,0,10,20,0,0,0,+,0,0,0,0,3,0,30,0,0,0,0,,
C886,=,0,0,0,0,0,10,20,0,0,0,+,0,0,0,0,3,0,30,0,0,0,0,,
C887,=,0,0,0,0,0,10,20,0,0,0,+,0,0,0,0,3,0,30,0,0,0,0,,
C888,=,0,0,0,0,0,10,20,0,0,0,+,0,0,0,0,3,0,30,0,0,0,0,,
C889,=,0,0,0,0,0,10,20,0,0,0,+,0,0,0,0,3,0,30,0,0,0,0,,
C890,=,6,4,3,310,60,10,20,0,0,0,+,2,11,10,9,83,1,30,1,0,1000,0,,
C891,=,0,0,0,0,0,10,20,0,0,0,+,0,0,0,0,3,0,30,0,0,0,0,,
C892,=,0,0,0,0,0,10,20,0,0,0,+,0,0,0,0,3,0,30,0,0,0,0,,
C893,=,0,0,0,0,0,10,20,0,0,0,+,0,0,0,0,3,0,30,0,0,0,0,,
C894,=,0,0,0,0,0,10,20,0,0,0,+,0,0,0,0,3,0,30,0,0,0,0,,
C895,=,0,0,0,0,0,10,20,0,0,0,+,0,0,0,0,3,0,30,0,0,0,0,,
C896,=,0,0,0,0,0,10,20,0,0,0,+,0,0,0,0,3,0,30,0,0,0,0,,
C897,=,0,0,0,0,0,10,20,0,0,0,+,0,0,0,0,3,0,30,0,0,0,0,,
C898,=,0,0,0,0,0,10,20,0,0,0,+,0,0,0,0,3,0,30,0,0,0,0,,
C899,=,0,0,0,0,0,10,20,0,0,0,+,0,0,0,0,3,0,30,0,0,0,0,,
C900,=,2,3,2,0,70,10,20,1,0,0,-,1,7,10,0,83,3,30,1,0,1000,0,,
C901,=,2,0,0,10,80,10,20,0,0,0,-,2,40,10,0,83,3,30,3,33,1000,0,,
C902,=,2,3,2,0,70,10,20,1,0,0,-,1,1,10,0,83,3,30,1,0,1000,0,,
C903,=,2,3,2,0,70,10,20,1,0,0,-,1,1,10,0,83,3,30,1,0,1000,0,,
C904,=,0,0,0,0,0,10,20,0,0,0,+,0,0,0,0,3,0,30,0,0,0,0,,
C905,=,0,0,0,0,0,10,20,0,0,0,+,0,0,0,0,3,0,30,0,0,0,0,,
C906,=,0,0,0,0,0,10,20,0,0,0,+,0,0,0,0,3,0,30,0,0,0,0,,
C907,=,0,0,0,0,0,10,20,0,0,0,+,0,0,0,0,3,0,30,0,0,0,0,,
C908,=,0,0,0,0,0,10,20,0,0,0,+,0,0,0,0,3,0,30,0,0,0,0,,
C909,=,0,0,0,0,0,10,20,0,0,0,+,0,0,0,0,3,0,30,0,0,0,0,,
C910,=,2,3,2,0,70,10,20,1,0,0,-,1,7,10,0,83,3,30,1,0,1000,0,,
C911,=,2,3,2,0,70,10,20,1,0,0,-,1,4,10,0,83,3,30,1,0,1000,0,,
C912,=,2,3,2,0,70,10,20,1,0,0,-,1,1,10,0,83,3,30,1,0,1000,0,,
C913,=,2,3,2,0,70,10,20,1,0,0,-,1,1,10,0,83,3,30,1,0,1000,0,,
C914,=,0,0,0,0,0,10,20,0,0,0,+,0,0,0,0,3,0,30,0,0,0,0,,
C915,=,0,0,0,0,0,10,20,0,0,0,+,0,0,0,0,3,0,30,0,0,0,0,,
C916,=,0,0,0,0,0,10,20,0,0,0,+,0,0,0,0,3,0,30,0,0,0,0,,
C917,=,0,0,0,0,0,10,20,0,0,0,+,0,0,0,0,3,0,30,0,0,0,0,,
C918,=,0,0,0,0,0,10,20,0,0,0,+,0,0,0,0,3,0,30,0,0,0,0,,
C919,=,0,0,0,0,0,10,20,0,0,0,+,0,0,0,0,3,0,30,0,0,0,0,,
C920,=,2,3,2,0,70,10,20,1,0,0,-,1,7,10,0,83,3,30,1,0,1000,0,,
C921,=,2,3,2,0,70,10,20,1,0,0,-,1,4,10,0,83,3,30,1,0,1000,0,,
C922,=,2,3,2,0,70,10,20,1,0,0,-,1,1,10,0,83,3,30,1,0,1000,0,,
C923,=,2,3,2,0,70,10,20,1,0,0,-,1,1,10,0,83,3,30,1,0,1000,0,,
C924,=,0,0,0,0,0,10,20,0,0,0,+,0,0,0,0,3,0,30,0,0,0,0,,
C925,=,0,0,0,0,0,10,20,0,0,0,+,0,0,0,0,3,0,30,0,0,0,0,,
C926,=,0,0,0,0,0,10,20,0,0,0,+,0,0,0,0,3,0,30,0,0,0,0,,
C927,=,0,0,0,0,0,10,20,0,0,0,+,0,0,0,0,3,0,30,0,0,0,0,,
C928,=,0,0,0,0,0,10,20,0,0,0,+,0,0,0,0,3,0,30,0,0,0,0,,
C929,=,0,0,0,0,0,10,20,0,0,0,+,0,0,0,0,3,0,30,0,0,0,0,,
C930,=,2,3,2,0,70,10,20,1,0,0,-,1,7,10,0,83,3,30,1,0,1000,0,,
C931,=,2,3,2,0,70,10,20,1,0,0,-,1,4,10,0,83,3,30,1,0,1000,0,,
C932,=,2,3,2,0,70,10,20,1,0,0,-,1,1,10,0,83,3,30,1,0,1000,0,,
C933,=,2,3,2,0,70,10,20,1,0,0,-,1,1,10,0,83,3,30,1,0,1000,0,,
C934,=,0,0,0,0,0,10,20,0,0,0,+,0,0,0,0,3,0,0,0,0,0,0,,
C935,=,0,0,0,0,0,10,20,0,0,0,+,0,0,0,0,3,0,0,0,0,0,0,,
C936,=,0,0,0,0,0,10,20,0,0,0,+,0,0,0,0,3,0,0,0,0,0,0,,
C937,=,0,0,0,0,0,10,20,0,0,0,+,0,0,0,0,3,0,0,0,0,0,0,,
C938,=,0,0,0,0,0,10,20,0,0,0,+,0,0,0,0,3,0,0,0,0,0,0,,
C939,=,0,0,0,0,0,10,20,0,0,0,+,0,0,0,0,3,0,0,0,0,0,0,,
C940,=,0,0,0,0,0,10,20,0,0,0,+,0,0,0,0,3,0,0,0,0,0,0,,
C941,=,0,0,0,0,0,10,20,0,0,0,+,0,0,0,0,3,0,0,0,0,0,0,,
C942,=,0,0,0,0,0,10,20,0,0,0,+,0,0,0,0,3,0,0,0,0,0,0,,
C943,=,0,0,0,0,0,10,20,0,0,0,+,0,0,0,0,3,0,0,0,0,0,0,,
C944,=,0,0,0,0,0,10,20,0,0,0,+,0,0,0,0,3,0,0,0,0,0,0,,
C945,=,0,0,0,0,0,10,20,0,0,0,+,0,0,0,0,3,0,0,0,0,0,0,,
C946,=,0,0,0,0,0,10,20,0,0,0,+,0,0,0,0,3,0,0,0,0,0,0,,
C947,=,0,0,0,0,0,10,20,0,0,0,+,0,0,0,0,3,0,0,0,0,0,0,,
C948,=,0,0,0,0,0,10,20,0,0,0,+,0,0,0,0,3,0,0,0,0,0,0,,
C949,=,0,0,0,0,0,10,20,0,0,0,+,0,0,0,0,3,0,0,0,0,0,0,,
C950,=,0,0,0,0,0,10,20,0,0,0,+,0,0,0,0,3,0,0,0,0,0,0,,
C951,=,0,0,0,0,0,10,20,0,0,0,+,0,0,0,0,3,0,0,0,0,0,0,,
C952,=,0,0,0,0,0,10,20,0,0,0,+,0,0,0,0,3,0,0,0,0,0,0,,
C953,=,0,0,0,0,0,10,20,0,0,0,+,0,0,0,0,3,0,0,0,0,0,0,,
C954,=,0,0,0,0,0,10,20,0,0,0,+,0,0,0,0,3,0,0,0,0,0,0,,
C955,=,0,0,0,0,0,10,20,0,0,0,+,0,0,0,0,3,0,0,0,0,0,0,,
C956,=,0,0,0,0,0,10,20,0,0,0,+,0,0,0,0,3,0,0,0,0,0,0,,
C957,=,0,0,0,0,0,10,20,0,0,0,+,0,0,0,0,3,0,0,0,0,0,0,,
C958,=,0,0,0,0,0,10,20,0,0,0,+,0,0,0,0,3,0,0,0,0,0,0,,
C959,=,0,0,0,0,0,10,20,0,0,0,+,0,0,0,0,3,0,0,0,0,0,0,,
C960,=,0,0,0,0,0,10,20,0,0,0,+,0,0,0,0,3,0,0,0,0,0,0,,
C961,=,0,0,0,0,0,10,20,0,0,0,+,0,0,0,0,3,0,0,0,0,0,0,,
C962,=,0,0,0,0,0,10,20,0,0,0,+,0,0,0,0,3,0,0,0,0,0,0,,
C963,=,0,0,0,0,0,10,20,0,0,0,+,0,0,0,0,3,0,0,0,0,0,0,,
C964,=,0,0,0,0,0,10,20,0,0,0,+,0,0,0,0,3,0,0,0,0,0,0,,
C965,=,0,0,0,0,0,10,20,0,0,0,+,0,0,0,0,3,0,0,0,0,0,0,,
C966,=,0,0,0,0,0,10,20,0,0,0,+,0,0,0,0,3,0,0,0,0,0,0,,
C967,=,0,0,0,0,0,10,20,0,0,0,+,0,0,0,0,3,0,0,0,0,0,0,,
C968,=,0,0,0,0,0,10,20,0,0,0,+,0,0,0,0,3,0,0,0,0,0,0,,
C969,=,0,0,0,0,0,10,20,0,0,0,+,0,0,0,0,3,0,0,0,0,0,0,,
C970,=,0,0,0,0,0,10,20,0,0,0,+,0,0,0,0,3,0,0,0,0,0,0,,
C971,=,0,0,0,0,0,10,20,0,0,0,+,0,0,0,0,3,0,0,0,0,0,0,,
C972,=,0,0,0,0,0,10,20,0,0,0,+,0,0,0,0,3,0,0,0,0,0,0,,
C973,=,0,0,0,0,0,10,20,0,0,0,+,0,0,0,0,3,0,0,0,0,0,0,,
C974,=,0,0,0,0,0,10,20,0,0,0,+,0,0,0,0,3,0,0,0,0,0,0,,
C975,=,0,0,0,0,0,10,20,0,0,0,+,0,0,0,0,3,0,0,0,0,0,0,,
C976,=,0,0,0,0,0,10,20,0,0,0,+,0,0,0,0,3,0,0,0,0,0,0,,
C977,=,0,0,0,0,0,10,20,0,0,0,+,0,0,0,0,3,0,0,0,0,0,0,,
C978,=,0,0,0,0,0,10,20,0,0,0,+,0,0,0,0,3,0,0,0,0,0,0,,
C979,=,0,0,0,0,0,10,20,0,0,0,+,0,0,0,0,3,0,0,0,0,0,0,,
C980,=,0,0,0,0,0,10,20,0,0,0,+,0,0,0,0,3,0,0,0,0,0,0,,
C981,=,0,0,0,0,0,10,20,0,0,0,+,0,0,0,0,3,0,0,0,0,0,0,,
C982,=,0,0,0,0,0,10,20,0,0,0,+,0,0,0,0,3,0,0,0,0,0,0,,
C983,=,0,0,0,0,0,10,20,0,0,0,+,0,0,0,0,3,0,0,0,0,0,0,,
C984,=,0,0,0,0,0,10,20,0,0,0,+,0,0,0,0,3,0,0,0,0,0,0,,
C985,=,0,0,0,0,0,10,20,0,0,0,+,0,0,0,0,3,0,0,0,0,0,0,,
C986,=,0,0,0,0,0,10,20,0,0,0,+,0,0,0,0,3,0,0,0,0,0,0,,
C987,=,0,0,0,0,0,10,20,0,0,0,+,0,0,0,0,3,0,0,0,0,0,0,,
C988,=,0,0,0,0,0,10,20,0,0,0,+,0,0,0,0,3,0,0,0,0,0,0,,
C989,=,0,0,0,0,0,10,20,0,0,0,+,0,0,0,0,3,0,0,0,0,0,0,,
C990,=,0,0,0,0,0,10,20,0,0,0,+,0,0,0,0,3,0,0,0,0,0,0,,
C991,=,0,0,0,0,0,10,20,0,0,0,+,0,0,0,0,3,0,0,0,0,0,0,,
C992,=,0,0,0,0,0,10,20,0,0,0,+,0,0,0,0,3,0,0,0,0,0,0,,
C993,=,0,0,0,0,0,10,20,0,0,0,+,0,0,0,0,3,0,0,0,0,0,0,,
C994,=,0,0,0,0,0,10,20,0,0,0,+,0,0,0,0,3,0,0,0,0,0,0,,
C995,=,0,0,0,0,0,10,20,0,0,0,+,0,0,0,0,3,0,0,0,0,0,0,,
C996,=,0,0,0,0,0,10,20,0,0,0,+,0,0,0,0,3,0,0,0,0,0,0,,
C997,=,0,0,0,0,0,10,20,0,0,0,+,0,0,0,0,3,0,0,0,0,0,0,,
C998,=,0,0,0,0,0,10,20,0,0,0,+,0,0,0,0,3,0,0,0,0,0,0,,
C999,=,0,0,0,0,0,10,20,0,0,0,+,0,0,0,0,3,0,0,0,0,0,0,,
